:020000040800F2
:1000000000060020E1020008E3020008E302000805
:10001000E3020008E3020008E3020008E30200082C
:10002000E3020008E3020008E30200084D70000844
:10003000E3020008E3020008E3020008E30200080C
:10004000E3020008E3020008E3020008E3020008FC
:10005000E3020008E3020008597F0008857F0008DA
:10006000B17F0008DD7F000809800008094600080C
:10007000314600085D46000889460008B54600087C
:10008000DD46000809470008E3020008E302000813
:10009000E3020008E3020008E302000835800008DC
:1000A000E3020008E3020008E3020008E30200089C
:1000B000E3020008E3020008E3020008E30200088C
:1000C000E3020008E3020008E3020008E30200087C
:1000D000E3020008E3020008E3020008E30200086C
:1000E00099800008E3020008E3020008E302000828
:1000F000E3020008E3020008E302000835470008B5
:10010000E30200080D81000821810008E3020008D5
:10011000E3020008E3020008E3020008E30200082B
:100120006147000889470008B5470008E147000813
:100130000D480008E3020008E3020008E30200089B
:10014000E3020008E3020008E3020008E3020008FB
:1001500035480008614800088D480008E30200089F
:10016000E3020008E3020008E3020008E3020008DB
:10017000E3020008397C0008E3020008E3020008FB
:10018000E3020008E3020008E3020008E3020008BB
:10019000E3020008E3020008E3020008E3020008AB
:1001A000E3020008E3020008E3020008E30200089B
:1001B000E3020008E3020008E3020008E30200088B
:1001C000E3020008E3020008E3020008E30200087B
:1001D000E3020008257C0008E3020008E3020008AF
:1001E000E3020008E3020008E3020008E30200085B
:1001F000E3020008E3020008E3020008E30200084B
:10020000E3020008E3020008E3020008E30200083A
:10021000E3020008E3020008E3020008E30200082A
:10022000E3020008E3020008E3020008E30200081A
:10023000E3020008E3020008E3020008E30200080A
:10024000E3020008E3020008E3020008E3020008FA
:10025000E3020008E3020008E3020008E3020008EA
:10026000E3020008E3020008E3020008E3020008DA
:10027000E3020008E3020008E3020008E3020008CA
:10028000E3020008E3020008E3020008E3020008BA
:10029000E3020008E3020008E3020008E3020008AA
:1002A000E3020008E3020008E3020008E30200089A
:1002B000E3020008E3020008E3020008E30200088A
:1002C000E3020008E3020008E3020008E30200087A
:1002D000E3020008E3020008E3020008E30200086A
:1002E00002E000F000F8FEE772B6374880F30888B5
:1002F000364880F3098836483649086040F20000E5
:10030000CCF200004EF63471CEF200010860BFF36B
:100310004F8FBFF36F8F40F20000C0F2F0004EF637
:100320008851CEF200010860BFF34F8FBFF36F8F8B
:100330004FF00000E1EE100A4EF63C71CEF20001E3
:100340000860062080F31488BFF36F8F06F0E0FE8C
:1003500006F062F84FF055301F491B4A91423CBFEE
:1003600041F8040BFAE71D49184A91423CBF41F895
:10037000040BFAE71A491B4A1B4B9A423EBF51F83D
:10038000040B42F8040BF8E700201849184A914280
:100390003CBF41F8040BFAE706F0F8FE06F0C0F89F
:1003A000144C154DAC4203DA54F8041B8847F9E7A6
:1003B00000F0C4F9114C124DAC4203DA54F8041B9E
:1003C0008847F9E706F0E0BE000600200022002082
:1003D0000000000808ED00E00000002000060020FA
:1003E000609500080022002064220020682200207E
:1003F000C4590020E0020008E0020008E002000802
:10040000E00200082DE9F04F2DED108AC1F80CD064
:10041000D0F80CD0BDEC108ABDE8F08F002383F338
:1004200011882846A047002005F0D8FDFEE705F01A
:1004300031FD00DFFEE7000053B94AB9002908BFCB
:1004400000281CBF4FF0FF314FF0FF3000F074B9AF
:10045000ADF1080C6DE904CE00F006F8DDF804E01B
:10046000DDE9022304B070472DE9F047089D0446FA
:100470008E46002B4DD18A42944669D9B2FA82F257
:1004800052B101FA02F3C2F1200120FA01F10CFA93
:1004900002FC41EA030E94404FEA1C48210CBEFBCB
:1004A000F8F61FFA8CF708FB16E341EA034306FB54
:1004B00007F199420AD91CEB030306F1FF3080F0E3
:1004C0001F81994240F21C81023E63445B1AA4B230
:1004D000B3FBF8F008FB103344EA034400FB07F7D2
:1004E000A7420AD91CEB040400F1FF3380F00A8113
:1004F000A74240F207816444023840EA0640E41B08
:1005000000261DB1D4400023C5E900433146BDE8B3
:10051000F0878B4209D9002D00F0EF800026C5E955
:10052000000130463146BDE8F087B3FA83F6002E6D
:100530004AD18B4202D3824200F2F980841A61EBE5
:10054000030301209E46002DE0D0C5E9004EDDE703
:1005500002B9FFDEB2FA82F2002A40F09280A1EBEB
:100560000C014FEA1C471FFA8CFE0126200CB1FB40
:10057000F7F307FB131140EA01410EFB03F0884239
:1005800008D91CEB010103F1FF3802D2884200F2C6
:10059000CB804346091AA4B2B1FBF7F007FB101158
:1005A00044EA01440EFB00FEA64508D91CEB0404F6
:1005B00000F1FF3102D2A64500F2BB800846A4EB51
:1005C0000E0440EA03409CE7C6F12007B34022FA3C
:1005D00007FC4CEA030C20FA07F401FA06F31C436B
:1005E000F9404FEA1C4900FA06F3B1FBF9F8200C78
:1005F0001FFA8CFE09FB181140EA014108FB0EF0BE
:10060000884202FA06F20BD91CEB010108F1FF3A0D
:1006100080F08880884240F28580A8F10208614419
:10062000091AA4B2B1FBF9F009FB101144EA014127
:1006300000FB0EFE8E4508D91CEB010100F1FF34D2
:100640006CD28E456AD90238614440EA0840A0FB6A
:100650000294A1EB0E01A142C846A64656D353D040
:100660005DB1B3EB080261EB0E0101FA07F722FA64
:1006700006F3F1401F43C5E9007100263146BDE88D
:10068000F087C2F12003D8400CFA02FC21FA03F3F0
:10069000914001434FEA1C471FFA8CFEB3FBF7F071
:1006A00007FB10360B0C43EA064300FB0EF69E4296
:1006B00004FA02F408D91CEB030300F1FF382FD22F
:1006C0009E422DD9023863449B1B89B2B3FBF7F6D7
:1006D00007FB163341EA034106FB0EF38B4208D9B0
:1006E0001CEB010106F1FF3816D28B4214D9023EF1
:1006F0006144C91A46EA004638E72E46284605E70F
:100700000646E3E61846F8E64B45A9D2B9EB0208DF
:1007100064EB0C0E0138A3E74646EAE7204694E76F
:100720004046D1E7D0467BE7023B614432E73046A2
:1007300009E76444023842E7704700BF38B501F06A
:1007400077FA01F0FDFB06F08BFB054606F074FC22
:100750000446D0B90F4B9D4219D001339D4241F25E
:10076000883504BF01240025002006F083FB0CB16E
:1007700000F078F801F0B8FB00F026FD08B100F0B9
:1007800071F8284600F01CF9F9E70025ECE705466A
:10079000EAE700BF010007B008B501F01BFAA0F1BD
:1007A00020035842584108BD07B541F21203022107
:1007B00001A8ADF8043001F02BFA03B05DF804FB9A
:1007C00038B5302383F31188174803680BB105F05F
:1007D000E9FC0023154A4FF47A71134805F0D8FC60
:1007E000002383F31188124C236813B12368013B63
:1007F0002360636813B16368013B63600D4D2B7820
:1008000033B963687BB9022001F0D8FA3223636000
:100810002B78032B07D163682BB9022001F0CEFAA5
:100820004FF47A73636038BD68220020C107000866
:100830008823002080220020084B187003280CD841
:10084000DFE800F008050208022001F0AFBA02203C
:1008500001F0A2BA024B00225A60704780220020A9
:1008600088230020F8B5504B504A1C4619680131C6
:1008700000F0998004339342F8D162684C4B9A425D
:1008800040F291804B4B9B6803F1006303F500330A
:100890009A4280F08880002001F0F0F90220FFF7F2
:1008A000CBFF454B0021D3F8E820C3F8E810D3F87C
:1008B0001021C3F81011D3F81021D3F8EC20C3F89D
:1008C000EC10D3F81421C3F81411D3F81421D3F881
:1008D000F020C3F8F010D3F81821C3F81811D3F89A
:1008E0001821D3F8802042F00062C3F88020D3F8AA
:1008F000802022F00062C3F88020D3F88020D3F853
:10090000802042F00072C3F88020D3F8802022F0CB
:100910000072C3F88020D3F8803072B64FF0E02325
:10092000C3F8084DD4E90004BFF34F8FBFF36F8FB6
:10093000224AC2F88410BFF34F8F536923F48033E7
:100940005361BFF34F8FD2F8803043F6E076C3F3A4
:10095000C905C3F34E335B0103EA060C29464CEA92
:1009600081770139C2F87472F9D2203B13F1200F5C
:10097000F2D1BFF34F8FBFF36F8FBFF34F8FBFF332
:100980006F8F536923F4003353610023C2F8503250
:10099000BFF34F8FBFF36F8F302383F311888546EA
:1009A00080F308882047F8BD0000020820000208F4
:1009B000FFFF0108002200200044025800ED00E083
:1009C0002DE9F04F93B0B44B2022FF2100900AA8EC
:1009D0009D6801F033FAB14A1378A3B90121B048F8
:1009E00011700360302383F3118803680BB105F0A5
:1009F000D9FB0023AB4A4FF47A71A94805F0C8FB34
:100A0000002383F31188009B13B1A74B009A1A604F
:100A1000A64A1378032B03D000231370A24A536015
:100A20004FF0000A009CD3465646D146012001F003
:100A3000BDF924B19C4B1B68002B00F026820020DE
:100A400001F0C8F80390039B002BF2DB012001F0BA
:100A5000A3F9039B213B1F2BE8D801A252F823F0F6
:100A6000E10A0008090B00089D0B00082D0A000888
:100A70002D0A00082D0A00082F0C0008FF0D0008A1
:100A8000190D00087B0D0008A30D0008C90D000812
:100A90002D0A0008DB0D00082D0A00084D0E000885
:100AA000810B00082D0A0008910E0008ED0A0008CD
:100AB000810B00082D0A00087B0D00082D0A000894
:100AC0002D0A00082D0A00082D0A00082D0A00082A
:100AD0002D0A00082D0A00082D0A00089D0B0008A9
:100AE0000220FFF759FE002840F0F981009B022107
:100AF00005A8BAF1000F08BF1C4641F21233ADF849
:100B0000143001F085F891E74FF47A7001F062F843
:100B1000071EEBDB0220FFF73FFE0028E6D0013F77
:100B2000052F00F2DE81DFE807F0030A0D1013360F
:100B30000523042105A8059301F06AF817E00421B4
:100B40005548F9E704215A48F6E704215948F3E7E4
:100B50004FF01C08404608F1040801F091F8042108
:100B6000059005A801F054F8B8F12C0FF2D101203E
:100B70004FF0000900FA07F747EA0B0B5FFA8BFB0F
:100B800001F0A8F926B10BF00B030B2B08BF0024D2
:100B9000FFF70AFE4AE704214748CDE7002EA5D01B
:100BA0000BF00B030B2BA1D10220FFF7F5FD07463D
:100BB00000289BD00120002601F060F80220FFF7FA
:100BC0003BFE1FFA86F8404601F068F80446B0B1D3
:100BD000039940460136A1F140025142514101F0D2
:100BE0006DF80028EDD1BA46044641F212130221F5
:100BF00005A83E46ADF8143001F00AF816E7254680
:100C00000120FFF719FE244B9B68AB4207D9284609
:100C100001F036F8013040F067810435F3E7002534
:100C2000224BBA463E461D701F4B5D60A8E7002E62
:100C30003FF45CAF0BF00B030B2B7FF457AF02209C
:100C4000FFF7FAFD322000F0C5FFB0F10008FFF613
:100C50004DAF18F003077FF449AF0F4A08EB0503C7
:100C6000926893423FF642AFB8F5807F3FF73EAFC0
:100C7000124BB845019323DD4FF47A7000F0AAFFC0
:100C80000390039A002AFFF631AF039A0137019BC4
:100C900003F8012BEDE700BF002200208423002091
:100CA00068220020C107000888230020802200203D
:100CB00004220020082200200C2200208422002090
:100CC000C820FFF769FD074600283FF40FAF1F2D2E
:100CD00011D8C5F120020AAB25F003008449424532
:100CE000184428BF4246019201F082F8019AFF2180
:100CF0007F4801F0A3F84FEAA803C8F387027C49B4
:100D00002846019301F0A2F8064600283FF46DAF93
:100D1000019B05EB830533E70220FFF73DFD00282B
:100D20003FF4E4AE00F0E8FF00283FF4DFAE002718
:100D3000B846704B9B68BB4218D91F2F11D80A9B2D
:100D400001330ED027F0030312AA134453F8203CBA
:100D500005934046042205A9043701F003F98046B3
:100D6000E7E7384600F08CFF0590F2E7CDF81480F5
:100D7000042105A800F04CFF02E70023642104A829
:100D8000049300F03BFF00287FF4B0AE0220FFF791
:100D900003FD00283FF4AAAE049800F0A3FF0590DD
:100DA000E6E70023642104A8049300F027FF00284D
:100DB0007FF49CAE0220FFF7EFFC00283FF496AED4
:100DC000049800F091FFEAE70220FFF7E5FC002815
:100DD0003FF48CAE00F0A0FFE1E70220FFF7DCFC5F
:100DE00000283FF483AE05A9142000F09BFF0746BE
:100DF0000421049004A800F00BFF3946B9E7322023
:100E000000F0E8FE071EFFF671AEBB077FF46EAE82
:100E1000384A07EB0903926893423FF667AE022017
:100E2000FFF7BAFC00283FF461AE27F003074F44F8
:100E3000B9453FF4A5AE484609F1040900F020FF8A
:100E40000421059005A800F0E3FEF1E74FF47A7065
:100E5000FFF7A2FC00283FF449AE00F04DFF002848
:100E600044D00A9B01330BD008220AA9002000F0CD
:100E7000EDFF00283AD02022FF210AA800F0DEFF73
:100E8000FFF792FC1C4805F0AFF813B0BDE8F08FF7
:100E9000002E3FF42BAE0BF00B030B2B7FF426AE92
:100EA0000023642105A8059300F0A8FE074600284A
:100EB0007FF41CAE0220FFF76FFC804600283FF451
:100EC00015AEFFF771FC41F2883005F08DF80598FA
:100ED00001F034F846463C4600F0FCFFA6E5064625
:100EE0004EE64FF0000901E6BA467EE637467CE65C
:100EF0008422002000220020A0860100704700000C
:100F000070470000704700002DE9F04100F5803780
:100F1000044616463B7C5BB9C0681030204400F0A4
:100F200067FFE5683544B5F5004FE56002D816B1B6
:100F3000BDE8F081DEB905F07F0605F11000002163
:100F4000C6F180062044F6B232462E4400F076FF09
:100F5000A06804F11008324600F10060414600F537
:100F6000003005F01DFD30B901233B74E0E74FF47C
:100F700000463546ECE7A26805F1100140463244D0
:100F80002144A260E268521BE26000F031FF0220BF
:100F9000BDE8F04100F012BF183000F0E9BC0000DD
:100FA00010B5044600F0FAFF204610BD10B5044607
:100FB00000F0F4FF204610BDC0B2A0F14103052BA4
:100FC00002D83738C0B27047A0F16103052B94BF37
:100FD00057383038F6E7000070B504461546084625
:100FE00003220C4900F00EFF014688B908346E1C3C
:100FF00015F91100FFF7E0FF024616F91100013163
:10100000FFF7DAFF102940EA021004F8010BEFD1D4
:1010100070BD00BF588B00082DE9F04FADF53F7D46
:101020000746416801222AA802F09AFE002840F0F3
:1010300087800646824681461125DFF80C81DFF85D
:101040000CB101AB4FF4805241462AA802F0E8FFF0
:10105000002875D1019AB2F5805F71D8002A65D059
:101060000446019A9442ECD2282D0FD008DC132DAF
:101070002DD01E2D39D0112D13D00134A4B2F0E79C
:10108000322D2DD0372D2FD02D2DF6D13B68121BB0
:1010900008EB040138461B692D259847BDF804402C
:1010A000EBE7121B022A09D9594608EB040000F0AD
:1010B000A9FE18B902342825A4B2DEE718F80430D6
:1010C0003A2B3DD00A2B1CBFA1461325D5E718F8B3
:1010D00004300A2B34D03A2B04BFA2463225CCE789
:1010E00018F80430202BC8D0264618F804300A2BF4
:1010F0001AD1AAEB090208EB090102A811254F2A0F
:1011000028BF4F2207F014FDA21B08EB060116A80A
:101110004F2A28BF4F2207F00BFD3B6816AA02A9F1
:10112000DB6838469847A8E71E25A6E73B6838469F
:1011300004491B69984701200DF53F7DBDE8F08FFC
:101140000020F9E75A8C0008902300205C8B0008EF
:1011500000F1180110B5044686B00846019100F070
:10116000F1FB2046FFF758FF60B1019902A800F09B
:1011700049FC102204F1080102A807F099FCB0FA1A
:1011800080F0400906B010BD70B504460025EEB2EF
:10119000304600F083FD58B100213046013500F0A3
:1011A0008DFD08B9002070BD022000F007FEEEE7BB
:1011B0002046FFF731FF0028F4D004F58034207C6E
:1011C00080F00100EFE70000F0B5C9B005F060FE67
:1011D00000F000FF18B90025284649B0F0BD694667
:1011E0002A4802F0DFFF00284BD1294C204603F0AB
:1011F00009F8284803F006F8274803F003F82146C9
:10120000224803F07BF80028E5D1702000F0C0FEF2
:10121000064610B1214B44600360336830469B683A
:101220009847054600282ED01A4F1948394603F032
:1012300065F805460028CED1194800F0A9FE0446FD
:1012400038B1184B4760036000F58033C0E90255A0
:101250001D74236820469B689847054628B10E49AF
:101260000C4803F04BF80028B5D1336830465B6872
:1012700098471CB1236820465B68984700F092FEAF
:10128000AAE70025FAE70446EFE700BF608B0008F5
:10129000708B0008878B00089D8B0008C08B0008AE
:1012A00014000100DC8B00082DE9F04FD44A8DB00A
:1012B0000B68D0F804A001931A440368D14E1A4475
:1012C000D1F81C90DFF8B4C3DFF8B4B3D0E902342E
:1012D000634003EA0A03634013444A6802920AEB3C
:1012E0007363029CC84A2244C468224484688AEA20
:1012F00004051D40654015448A68039203EB35558B
:10130000039CC24A2244846822448AEA03042C4093
:1013100084EA0A041444CA6805EBF43404921644BF
:1013200083EA0502224056445A4032440E6905962B
:1013300004EBB222059FB64E3E441E4485EA0403E8
:1013400013406B4033444E69069602EB7363069F6D
:10135000B04E3E442E4484EA02051D4065403544AB
:101360008E69079603EB3555079FAB4E3E442644E6
:1013700082EA03042C4054403444A84E4E4405EB0A
:10138000F434164483EA050222405A4032440E6A7D
:10139000089604EBB222089FA14E3E441E4485EA03
:1013A000040313406B4033444E6A099602EB7363A7
:1013B000099F9C4ED1F830E03E44D1F83880F34488
:1013C0002E4484EA02051D40654035448E6AA6F528
:1013D000244703EB35550A964F3F274482EA03041E
:1013E0002C4054403C44CF6A0B9705EBF4340B9EE1
:1013F0008D4F3744029E174483EA050222405A402B
:101400003A448A4F774404EBB2221F4485EA04032E
:1014100013406B403B444F6BBC4402EB7363654429
:1014200084EA020C0CEA030C8CEA040C6544DFF835
:1014300054C2C44403EB3555A44482EA03042C404F
:1014400054406444D1F83CC0794905EBF43461441C
:10145000114483EA050222405A400A44754904EBCC
:10146000B2223144079E194484EA02032B406340B0
:101470000B44714902EBF36331440B9E0D4482EA45
:1014800003012140514029446C4D03EBF151354497
:10149000019E254483EA010414405C402C44684DBD
:1014A00001EBB4443544069E154481EA04021A4017
:1014B0004A402A44634D04EB323235440A9E1D44AF
:1014C00084EA02030B4063402B445F4D02EBF3635D
:1014D0003544059E0D4482EA0301214051402944D0
:1014E0005A4D03EBF1516544254483EA010414404D
:1014F0005C402C44564D01EBB4443544099E1544E0
:1015000081EA04021A404A402A44524D04EB323226
:101510003544049E1D4484EA02030B4063402B447F
:101520004D4D02EBF36345440D4482EA0301214033
:1015300051402944494D03EBF1513544089E2C4458
:1015400083EA010515405D402C44454D01EBB44450
:101550003544039E2A4481EA04051D404D402A4437
:10156000404D04EB32323D442B4484EA020593445F
:101570000D4065402B443C4D02EBF3633544069E21
:10158000294482EA0305254055402944374D03EBA1
:10159000F1514D442C4483EA010515405D4025443A
:1015A00001EBB54581EA050404EA03024A405A44C6
:1015B000A6F5B82B089E05EB3232ABF2BE6B544059
:1015C0005B4423442A4C344402EB33730B9E0C449B
:1015D00085EA020159402144264C344403EB715101
:1015E000029E254482EA03044C402544224C444494
:1015F00001EB3545144483EA01026A40224443E08A
:1016000078A46AD7EECEBDC156B7C7E8DB702024F8
:10161000AF0F7CF52AC68747134630A8019546FDD3
:10162000D8988069AFF7448BBED75C892211906B44
:101630002108B44962251EF640B340C0515A5E26C7
:10164000AAC7B6E95D102FD65314440281E6A1D88B
:10165000C8FBD3E7E6CDE121D60737C3870DD5F424
:10166000ED145A4505E9E3A9F8A3EFFCD9026F6729
:1016700081F6718722619D6D0C38E5FD937198FDAF
:101680008A4C2A8D8E4379A6934C344405EB722202
:10169000059E1C4481EA0503534023448F4C344487
:1016A00002EB33730A9E0C4485EA0201594021443F
:1016B0008B4C4C4403EB7151254482EA03044C40AB
:1016C0002C44884D354401EB3444019E154483EA93
:1016D000010262402A44844D3D4404EB72221D44C1
:1016E00081EA040353402B44804D354402EB3373AD
:1016F000049E294484EA02055D4029447C4D35441A
:1017000003EB7151079E254482EA03044C402C44AC
:10171000784D354401EB3444099E2A4483EA01059F
:1017200065401544744A324404EB7525039E134406
:1017300081EA04026A401A44704B734405EB32722A
:101740000B4484EA0501514019446D4B634402EB9C
:1017500071511C4485EA02034B401C44694B3344DD
:1017600001EB3444019E1D4482EA010363402B4493
:10177000654D04EB73233544069E154463EA01026C
:1017800062402A44614D03EBB2624D4462EA0409AF
:1017900029445F4D89EA0309454449442C445D4D81
:1017A00002EBB1513544049E61EA03081D4488EA06
:1017B0000208444401EB744464EA02034B402B44A6
:1017C000554D04EBF323754463EA010E15448EEA8C
:1017D000040E0EEB0502514D03EBB262354462EA92
:1017E000040E29440A9D8EEA030EA5F580164C4D81
:1017F0007144A6F6833602EBB151264461EA030434
:1018000054403444029E01EB7444354464EA0206B9
:101810001D444E407319089E424D04EBF32335449A
:1018200063EA01061544664072193F4D03EBB2624C
:10183000654462EA040629443C4D5E403144079EFB
:1018400002EBB151354461EA03062C44384D564051
:101850003D443444059E1D4401EB744464EA020394
:101860004B402B44334D04EBF32335440B9E15447E
:1018700063EA010262402A442F4D03EBB262354411
:10188000039E0D4462EA0401594029442B4D02EBAA
:10189000B15135442A4E254461EA030454402C4496
:1018A000099D01EB74442E4464EA02051E4485EA56
:1018B00001039D1903681A440AEB040303EBF523A3
:1018C0000260436083681C44C36819448460C1603B
:1018D0000DB0BDE8F08F00BF44EABEA4A9CFDE4B37
:1018E000604BBBF670BCBFBEC67E9B28FA27A1EA40
:1018F0008530EFD4051D880439D0D4D9E599DBE6CD
:10190000F87CA21F6556ACC4442229F497FF2A43F1
:10191000A72394AB39A093FCC3595B6592CC0C8F81
:10192000D15D84854F7EA86FE0E62CFE144301A3B1
:10193000A111084E827E53F735F23ABDBBD2D72AA9
:1019400091D386EB094B036003F18833436003F1C5
:101950002943A3F59613A3F68B638360A3F1883321
:10196000C3600023C0E90433704700BF012345670B
:101970002DE9F8431446026905460E46E300C2F31A
:10198000C50800F118079B18036122BF43690133A2
:10199000436112F4FC7F436903EB5473436114D039
:1019A000C8F1400907EB08004C4504D22246BDE8C7
:1019B000F84307F08DB8403C4A464E4407F088F89B
:1019C000444439462846FFF76FFCA04606EB04095D
:1019D000B8F13F0FA9EB08010AD94022384607F0B9
:1019E00077F839462846A8F14008FFF75DFCEFE795
:1019F000A1096FF03F02384602FB014206EB81115C
:101A0000D5E7000070B50B6901F1180506460C46D4
:101A1000C3F3C503EA18501C8022EA54C3F13F0205
:101A2000072A1FD8002100F009FA29462046FFF7AF
:101A30003BFC38220021284600F000FA23692946A1
:101A40002046236563696365FFF72EFC214610225B
:101A5000304607F03DF8204658220021BDE870408E
:101A600000F0ECB9C3F137020021E5E70F4B70B588
:101A70001B780C460133DBB2012B11D80C4D4FF40F
:101A80007A732968A2FB033222460E6A0146284671
:101A9000B047844204D1074B002201201A7070BD68
:101AA0004FF4FA7004F0A0FA0020F8E710220020AA
:101AB000A83B0020BC33002000232DE9F0471A4644
:101AC000054688460120194602F088FF044680201A
:101AD00005F084F80746002861D0002C5FD03B4E0B
:101AE00028464FF0800A736943F0C0637361D6F8EB
:101AF000143143F0C063C6F8143104F0F1FE05EB75
:101B0000080200FB05F34FF4D06C50434FF03D0E3C
:101B1000834233D23269520143D4D6F810215101A5
:101B20003FD4216803F100628A602268D76022688E
:101B3000C2F804A02268C2F800C0D4F80090D9F816
:101B4000002042F00102C9F80020D4F80090D9F832
:101B5000002022F01E02C9F80020D4F80090D9F825
:101B60000020D207FBD494F80C90803361680EFA01
:101B700009F20A60CCE7002004F090FF204602F052
:101B80006DFF384605F066F8104B5A6942F0C062A6
:101B90005A61D3F8142142F0C062C3F81421BDE8A1
:101BA000F0870B4B9A6A42F400729A629A6A42F486
:101BB00000429A6261B60026012004F06FFFB04532
:101BC000D9D9A819013604F0A3FEF8E70020005285
:101BD00000ED00E0002307B5024601210DF10700EA
:101BE0008DF80730FFF742FF20B19DF8070003B0E2
:101BF0005DF804FB4FF0FF30F9E700000A460421CE
:101C000008B5FFF733FF80F00100C0B2404208BDC5
:101C100030B4054C0A46014623682046DD69034B73
:101C2000AC4630BC604700BFA83B0020A086010046
:101C300070B5104C0025104E04F056FE2080306820
:101C4000238883420CD800252088013804F048FE00
:101C500023880544013BB5F5802F2380F4D370BD64
:101C600004F03EFE336805440133B5F5003F3360B0
:101C7000E5D3E8E7BE3300209033002004F00EBF28
:101C800000F1006000F500300068704700F100606E
:101C9000920000F5003004F083BE0000054B1A6886
:101CA000054B1B889B1A834202D9104404F018BECE
:101CB0000020704790330020BE33002038B5044622
:101CC000074D29B128682044BDE8384004F020BE03
:101CD0002868204404F00AFE0028F3D038BD00BF75
:101CE000903300200020704700F1FF5000F58F1066
:101CF000D0F8000870470000064991F8243033B14D
:101D000000230822086A81F82430FFF7BFBF0120B2
:101D1000704700BF94330020014B1868704700BF24
:101D20000010005C194B01380322084470B51D688F
:101D3000174BC5F30B042D0C1E88A6420BD15C6813
:101D40000A46013C824213460FD214F9016F4EB18C
:101D500002F8016BF6E7013A03F10803ECD1814286
:101D60000B4602D22C2203F8012B0424094A1688C0
:101D7000AE4204D1984284BF967803F8016B013CCF
:101D800002F10402F3D1581A70BD00BF0010005CCC
:101D9000142200201C8C0008022803D1024B4FF4AF
:101DA00080129A61704700BF00100258022802D1C9
:101DB000014B10229A61704700100258022804D18A
:101DC000024A536983F010035361704700100258B0
:101DD00070B504464FF47A764CB1412C254628BFA5
:101DE000412506FB05F0641B04F0FEF8F4E770BD26
:101DF000002310B5934203D0CC5CC4540133F9E7FF
:101E000010BD0000013810B510F9013F3BB191F948
:101E100000409C4203D11AB10131013AF4E71AB1F2
:101E200091F90020981A10BD1046FCE703460246BF
:101E3000D01A12F9011B0029FAD170470244034657
:101E4000934202D003F8011BFAE770472DE9F843EB
:101E50001F4D14460746884695F8242052BBDFF8EC
:101E600070909CB395F824302BB92022FF2148466E
:101E70002F62FFF7E3FF95F824004146C0F1080206
:101E800005EB8000A24228BF2246D6B29200FFF79F
:101E9000AFFF95F82430A41B17441E449044E4B2CD
:101EA000F6B2082E85F82460DBD1FFF725FF002865
:101EB000D7D108E02B6A03EB82038342CFD0FFF730
:101EC0001BFF0028CBD10020BDE8F8830120FBE7F1
:101ED00094330020024B1A78024B1A70704700BFEF
:101EE000BC3300201022002010B5114C114803F023
:101EF00083FB21460F4803F0ABFB24684FF47A7054
:101F0000D4F89020D2F8043843F00203C2F8043821
:101F1000FFF75EFF0849204603F0A8FCD4F89020A4
:101F2000D2F8043823F00203C2F8043810BD00BF11
:101F3000D8930008A83B0020E093000870470000F9
:101F400008B571B6054B1988054B1888FFF7B4FD25
:101F500002210E20FFF7B0FD61B608BDBE330020A0
:101F60009033002030B50A44084D91420DD011F84D
:101F7000013B5840082340F30004013B2C4013F080
:101F8000FF0384EA5000F6D1EFE730BD2083B8EDBF
:101F90000121884238BF084604F058BE08B104F059
:101FA00059BE704710B5084C01220849002001F0C5
:101FB000B3FE23783BB1064803F05EFA044803F011
:101FC00091FA0023237010BDC03300202C8C000830
:101FD000A03600201D482DE9F041036D2BB90122E8
:101FE0004FF48051503004F079FF194E33780BB123
:101FF000FFF7D8FF0324174F4FF00008134D154982
:102000002846C7F8048003F05FFA284603F098F8E2
:1020100048B1013C284603F065FA14F0FF04EED104
:10202000204634700FE00C4901220C4801F074FE88
:10203000014618B1284603F01FFAEAE7084800F005
:1020400011F801203070BDE8F08100BFA0360020FB
:10205000C03300202C2200202C8C0008C433002028
:10206000308C00080FB4002004B07047006870473F
:1020700003460068596870470B0A017043700B0CE7
:10208000090E8370C1707047110A027003714170AC
:10209000110C120E8170C2701A0A42711A0C1B0EBA
:1020A0008271C37170470000C36A0239023B8B42E0
:1020B00083BF4389006C01FB0300002070470000D0
:1020C000C2F307238A76CB760378032B01BF120C69
:1020D0000A75120A4A75704700F10B010022D301FC
:1020E00043EA520310F8012B52FA83F38842DAB222
:1020F000F5D110467047000010B541780446002025
:10210000013102464901022A16BFA35C032203EBF8
:10211000C03302F101021EBF9BB203EB500398B221
:102120009142F0D810BD000002684AB1134613F87E
:10213000011B1F290DD93A29F9D1911C8B4202D0DC
:102140004FF0FF3070471278302AF9D10360002039
:102150007047014B187870471036002038B50D468F
:10216000044618B9092000232B6038BD0368002BF2
:10217000F8D01A78002AF5D08188DA889142F1D116
:10218000587804F0CDF810F00100EBD12368EBE7AC
:1021900038B50D4640F25231144602F0B9F9FF2825
:1021A00007D9012C0BD9030A022468702B70204632
:1021B00038BD30B1002CFAD001242870F7E7002494
:1021C000F5E70446F3E700002DE9F8430026D0F8D0
:1021D000008005460C468E76836B002B4AD098F81B
:1021E0000030042B4BD133463546402720E0B7F56D
:1021F000187F80F0C480F90606F1010608BF023797
:10220000D05B02372BB900F5205292B2B2F5006FC5
:102210000DD305F11A01C5F1FF0240EA0340214444
:10222000FFF7B6FF002800F0AA800544002003460F
:10223000D8F8102092F82310B142D8D8002B40F0E3
:102240009E80002D00F09B8000232544AB766373B5
:10225000D8F81020137903F03701DB0621730BD473
:1022600002F13800FFF704FFC4E90001938963819C
:10227000D3892381BDE8F88300200146F4E7C36CCD
:1022800001335ED1EA6B00232E26551E184615F841
:10229000011F013020290CD0052908BFE52109289C
:1022A00004D10B2B9EBFE71801337E73E71801336F
:1022B00079730B28EBD1E11800204873A17E002927
:1022C0004BD1002B40D06FF00C0604F10D00082517
:1022D000361B331810F8011B002938D02E298BB279
:1022E0004AD0A3F14101192903D8117B0D4200D036
:1022F00020330373EDE7B9F1000F05D100F520534A
:102300009BB2B3F5006F0BD307F11A01C7F1FF02BF
:1023100040EA09402144FFF73BFF48B10744002051
:1023200002368146D8F80C30985B0028E3D1384655
:10233000B9F1000F4FF0000218BF002023189A7661
:10234000A0E7B1463746EDE73F23A37601232344B8
:1023500000219976137B03B96373D37A02F11C00D1
:1023600003F03F0323730023FFF780FE20606360C8
:10237000D38A6381138B7CE710250B46B9E73F2393
:102380000125A37660E7000038B50546002435F83E
:10239000020B08B9204638BD02F0EEF86308C2B25D
:1023A00003EBC43312FA83F39AB2C0F3072303EBAF
:1023B000520303EBC2339CB2E9E7000037B5C378A0
:1023C00004461BB90025284603B030BD00F14C017E
:1023D000826C01234078019103F0C8FF054680B963
:1023E000A36BE070A06C226BC31A9342EAD2A3786D
:1023F0000199022BE6D102440123607803F0B6FF75
:10240000E1E70125DFE7000038B5836C05460C469F
:102410008B4210D0FFF7D2FF60B92246012305F1AD
:102420004C01687803F07EFF00281CBF4FF0FF349A
:102430000120AC6438BD0020FCE7000038B5002363
:102440000446C3704FF0FF338364FFF7DDFF0028BD
:102450004BD1B4F84A524AF655239D4207D10B227C
:10246000254904F14C0006F023FB00283FD094F8E6
:102470004C30EB2B03D01833DBB2012B2ED84AF6AD
:1024800055239D4206D108221C4904F19E0006F006
:102490000FFB48B3B4F85730B3F5007F1ED194F862
:1024A0005930DBB15A1E1A4218D1B4F85A30ABB1C8
:1024B00094F85C30013B012B10D8B4F85D306BB15F
:1024C000B4F85F307F2B06D804F16C00FFF7CEFD27
:1024D000B0F5803F02D3B4F8623053B94AF65520C4
:1024E00085420CBF0220032038BD0420FCE70120F8
:1024F000FAE70020F8E700BF5C8C0008688C000851
:1025000002392DE9F04701F007044FF0010A466C4B
:1025100005460AFA04F41746984606EB1136C1F34D
:10252000C809E4B2314628460136FFF76DFF18B1FD
:102530000120BDE8F087994605EB090292F84C307E
:10254000234214BF01210021414513D06340013FC4
:1025500082F84C3085F803A0EBD0640014F0FF043F
:10256000EAD109F1010301244FF00009B3F5007F1E
:10257000E1D1D7E70220DCE701290246F8B50C4695
:1025800040F28C800668F36A8B4240F28780337891
:10259000013B032B00F28280DFE803F00229384B75
:1025A00004EB5405B16B304601EB5521FFF72CFFCE
:1025B00010B14FF0FF30F8BD6F1CC5F30805B16BCB
:1025C0003046354401EB572195F84C50FFF71CFF7E
:1025D0000028EED1C7F30807E3073E4496F84C0005
:1025E00045EA00204CBF0009C0F30B00E3E7B16BE4
:1025F000304601EB1421FFF707FF0028D9D1640012
:1026000004F4FF742644B6F84C00D4E7B16B3046AE
:1026100001EBD411FFF7F8FE0028CAD1A40006F19F
:102620004C0004F4FE742044FFF720FD20F07040BD
:10263000C1E7D0E90430D57953EA000101D09168AF
:1026400001B95DBB9168022DA4EB01010DD1013BE5
:10265000728940F1FF305B0A43EAC053B3FBF2F3E7
:1026600099421BD81CD0601CA5E7032D02D19369A9
:102670008B42F8D8D3699BB9B16B304601EBD411CA
:10268000FFF7C2FE002894D1A0004C3600F4FE7083
:102690003044FFF7EBFC20F000408CE701208AE794
:1026A0006FF0004087E70000F8B5066804460D4665
:1026B0003378042B0CBF4FF080524FF400128A4243
:1026C00001D80220F8BDCA06FBD182680163D2B9E5
:1026D000022B13D83389B3EB551FF2D9F36BA363E5
:1026E000A36B6263002BECD003EB55234C36C5F390
:1026F00008050020A3633544E563E3E7F36BC2718B
:10270000002BE7D01A4677897F02BD42114604D2DA
:102710003046FFF7C9FCA063E2E72046FFF72CFF35
:10272000431C024606D00128CBD9F36A8342C8D99C
:10273000ED1BEAE70120C5E701292DE9F047064630
:102740000C46174608D9C36A8B4205D90378022B79
:1027500062D003D8012B22D0022552E0033B012B8B
:10276000FAD8816B01EBD411FFF74EFE0546002825
:1027700047D1A40006F14C0304F4FE741C443378E2
:10278000042B07D0204627F07047FFF76FFC00F0BE
:102790007040074339462046FFF76EFC2FE001EBFF
:1027A0005108816B01EB5821FFF72EFE054640BB17
:1027B00014F0010406F14C0908F1010AC8F30808F5
:1027C00008BFFBB230461FBF19F8083003F00F02F4
:1027D0003B0103F0F00318BF134309F8083001234D
:1027E000B16BF37001EB5A21FFF70EFE054640B9BD
:1027F000CAF3080A44B1C7F3071709F80A7001239E
:10280000F3702846BDE8F08719F80A30C7F30327AC
:1028100023F00F031F43F0E7816B01EB1421FFF757
:10282000F3FD05460028ECD1640006F14C0304F4E6
:10283000FF741F551919C7F307274F70DFE7000012
:10284000F8B504460E461746E3690BB91846F8BDBD
:10285000012BA6EB0305206814BFAA1C3A46691C8D
:10286000FFF76AFF0028F2D1E369013BE361EBE780
:1028700001292DE9F84306460C461746056802D89B
:102880000220BDE8F883EB6A8B42F9D97AB9A146F8
:1028900021463046A046FFF76FFE0446B0B92B78BC
:1028A000042B02D1002F43D1F7710020E9E72B78E8
:1028B000042B02D1C379022BE9D04FF0FF32394605
:1028C0002846FFF739FF0028E1D0DAE70128D7D002
:1028D000421C01D10120D4E72B78042B19D1EA6ADC
:1028E000AB69023A93421CD308F10102A2420CD018
:1028F0002B78042B08D10023A2EB09024946284675
:10290000FFF7FEFD0028BCD1A146EB6AA342BFD869
:10291000C5E7002241462846FFF70EFF0028DED01B
:10292000AFE70133AB612B7943F001032B71DBE798
:10293000F3798BB9B468BC4202D10223F371B4E7D6
:1029400021463046FFF718FE012899D9431CC1D013
:1029500001348442EFD0A8E7032BA6D1B368BB4271
:10296000A3D8B2691344BB429FD3E6E770B5C379DD
:102970000446032B06D181688369CD18A94203D18F
:102980000023E371002070BD4E1C20683246FFF723
:10299000D3FE0028F7D13146F0E700002DE9F743D8
:1029A00005460191FFF70AFD0446002849D105F1CB
:1029B0004C09019928464FF40072FFF775FB214638
:1029C000A86407464846FFF739FA6C896402B4F5F3
:1029D000004F28BF4FF40044B4F5007F2FD92046A4
:1029E00004F03CF9804630B122460021640A0026FA
:1029F000FFF724FA09E06408EEE72346BA194146D6
:102A0000687803F0B3FC18B926446B899E42F4D36E
:102A1000404604F033F96889801B18BF012003B0D9
:102A2000BDE8F08301366B899E42F4D20123BA19C6
:102A30004946687803F09AFC0028F3D0EBE70026BB
:102A4000F1E70120EBE70000F8B50446FFF7B6FC1C
:102A50000546002842D12378032B37D12779012F4F
:102A600034D104F14C0601464FF400723046FFF7B2
:102A7000E5F955234122722184F84A32AA2304F54C
:102A80000D7084F84F2084F84B32522384F83012B2
:102A900084F84C3084F84D30612384F8311284F886
:102AA0004E3084F83332A16984F83222FFF7E4FA19
:102AB000616904F50E70FFF7DFFA626B3B46314641
:102AC00001326078A26403F051FC25710022607825
:102AD000114603F06FFC003818BF0120F8BD00005C
:102AE00000232DE9F0430B6085B00F461546FFF734
:102AF0001BFB061EC0F2B281804B53F82640002C0F
:102B000000F0AE813C6005F0FE0523786BB1607883
:102B100003F006FCC70708D41DB110F0040500D06F
:102B20000A25284605B0BDE8F0830023F0B22370E3
:102B3000607003F0E1FBC10700F194810DB1420721
:102B4000EED400212046FFF779FC022840F099805E
:102B50006E4604F2122304F2522132461846103314
:102B6000FFF784FA42F8040B8B42F7D1002556F8A0
:102B7000041B00297DD02046FFF760FC012879D88E
:102B80000128A26C40F0C08004F1570304F18C01CD
:102B900013F8015B002D7BD18B42F9D1B4F8B4302E
:102BA000B3F5807F74D194F8B830092B70D104F15B
:102BB0009400FFF75DFA4FF0FF33171841F1000161
:102BC000BB4275EB010363D304F1A000FFF74EFA9B
:102BD00094F8BA302063012BA37059D194F8B990BE
:102BE00003FA09F91FFA89F36381002B50D0444B93
:102BF00004F1A800FFF73AFA0646984248D8831C29
:102C0000626304F1A400E362FFF730FA00EB02080C
:102C100004F19C00C4F84080FFF728FA10441FFA22
:102C200089F2A06306FB02F313EB080345EB0502F0
:102C30009F4271EB02032BD32E4604F1AC00FFF749
:102C400015FAE06365B96389B34221D9E16B204687
:102C5000FFF72AFA81192046FFF7D6FB98B901360B
:102C6000631993F84C30812B14D02035C5F3080537
:102C7000E8E703200135042D7FF479AF042807D15C
:102C800001E0042801D101254BE701287FF678AF48
:102C90000D2546E705F1140004F14C063044FFF71A
:102CA000E5F901280546F3D9E36A8342F0D9618941
:102CB000821E236C02FB01336364A16B204601EB8F
:102CC000D511FFF7A1FB0028DDD105F07F0006EB51
:102CD0008000FFF7CBF9431C03D00135A842ECD0AC
:102CE000D6E70425C4E90500064A257000251388A7
:102CF000E56101339BB21380E38012E714360020B4
:102D0000FDFFFF7F18360020B4F85730B3F5007F81
:102D1000BED1B4F8626026B904F17000FFF7A6F9DD
:102D2000064694F85C302663591EA3700129AFD87B
:102D300094F859506581002DAAD0691E2942A7D167
:102D4000B4F85D8018F00F0FA4F80880A0D1B4F893
:102D50005F0018B904F16C00FFF788F9B4F85A1055
:102D6000002995D006FB03FE01EB181CF4446045D6
:102D70008ED3A0EB0C00A842B0FBF5F388D33E48FD
:102D8000834285D84FF6F57083426DD903259F1C89
:102D9000114402EB0C03032DE7626263A163236419
:102DA0004CD1B4F8763053EA08037FF471AFBB001E
:102DB00004F17800FFF75AF9E06303F2FF13B6EB72
:102DC000532FFFF465AF4FF0FF33032DC4E90533F4
:102DD0004FF08003237187D1B4F87C30012B83D16D
:102DE000511C2046FFF710FB00287FF47DAFB4F89C
:102DF0004A224AF6552320719A427FF475AF1F4B41
:102E000004F14C00FFF732F998427FF46DAF03F103
:102E1000FF5304F50C70FFF729F903F50053203335
:102E200098427FF461AF04F50D70FFF71FF9A061C0
:102E300004F50E70FFF71AF9606155E7B8F1000F5D
:102E40003FF426AF7144022D4FEA4703E1631EBFF2
:102E5000D91907F0010303EB5103AEE70B2560E638
:102E60000C255EE603255CE640F6F575AB428CBFAB
:102E7000022501258BE700BFF5FFFF0F525261418C
:102E80002DE9F84F07460568884649B96E69C6B10D
:102E9000EB6AB34298BF0126AB69A3B9002405E0F1
:102EA000FFF76AFB0128044603D801242046BDE849
:102EB000F88F421C00F0D280EB6A8342F6D8464677
:102EC000EAE70126E8E72A78EB6A042A40F08380E3
:102ED000A6F1020A023B4FF0010B9A4528BF4FF0C2
:102EE000000AD146696C284601EB1931FFF78CFACC
:102EF00000283BD109F00703EA6AC9F3C8010BFABD
:102F000003F3901EDBB26A184C4609F1010992F8EE
:102F10004C20814502EA030233BF5B0000234FF4DB
:102F20000071DBB228BF9946B2B90234631E033385
:102F3000BCD80123214628461A46FFF7E1FA0228A9
:102F4000B3D0012800F08A80B8F1000F13D102231A
:102F5000FB710028A9D130E0CA450AD0002BD2D19C
:102F60000131B1F5007FBDD20123CCE74FF0FF3432
:102F7000DCE70024DAE7FB79022B07D1731CA342BC
:102F8000E7D0BB68F31ABB610323FB7108F10102B0
:102F9000FB69A24205D113B10133FB61D9E70223DA
:102FA000FBE70BB90123FB61224641463846FFF798
:102FB00047FC00284FD10123FB61EA6AAB69023A62
:102FC0006C6193429CBF03F1FF33AB612B7943F0FB
:102FD00001032B716AE7464514D1741C3846A3429D
:102FE00098BF02242146FFF7C7FA01283FF45DAFDE
:102FF000431C33D0E0B16B69012B03D9EA6A9342D9
:1030000038BF1E4634460134EB6AA34203D8012E72
:103010007FF644AF022421463846FFF7ADFA48B1A7
:1030200001283FF442AF013018D0B442EBD135E76C
:10303000002CE7D04FF0FF3221462846FFF77CFBFB
:1030400048B9B8F1000FB8D0224641462846FFF7EC
:1030500073FB0028B1D001287FF427AF4FF0FF3475
:1030600024E700002DE9F84306680446076B89460B
:1030700033782037042B0CBF4FF080534FF40013EC
:10308000BB429CBF00238363836B73B1C7F3080803
:10309000B8F1000F3CD10133416B836339B93389F7
:1030A000B3EB571F34D80023A36304200AE07389CD
:1030B000013B13EA57232BD1FFF75EFA012805469F
:1030C00002D80220BDE8F883421C01D10120F9E7B3
:1030D000F36A834216D8B9F1000FE4D0616B204641
:1030E000FFF7CEFE0546C8B10128EAD0431CEDD05B
:1030F00001463046FFF752FC0028E7D1E37943F060
:103100000403E371294630466563FEF7CDFFA063F3
:103110004C36002027634644E663D3E70720D1E717
:10312000F8B50E46002104460768FFF7BDFA98B9C6
:103130000546A16B3846FFF767F968B93A78E36B43
:10314000042A1B780CD11B060ED50546012120460A
:10315000FFF788FF0028ECD0042808BF072006E00E
:10316000E52B01D0002BF0D10135B542EED1F8BDF1
:10317000C16C4B1C2DE9F04104460568066B1FD15C
:10318000E5274FF00108A16B2846FFF73DF998B9F4
:103190002A78E36B042A09BF1A781F7002F07F02B5
:1031A0001A7085F80380236BB3420DD200212046AC
:1031B000FFF758FF0028E6D0042808BF022003E0EC
:1031C000FFF772FA0028DBD0BDE8F0812DE9F0416D
:1031D00005460068A96B0669FFF716F9044620B991
:1031E000EB6B1A78852A03D002242046BDE8F081D3
:1031F000324603F1200153F8040B8B4242F8040BD2
:10320000F9D1777801377F01A7F16003B3F5007F2B
:10321000EAD800212846FFF725FF04280446E3D01A
:103220000028E2D1A96B2868FFF7EEF804460028D1
:10323000DBD1EB6B1A78C02AD6D106F1200203F15C
:10324000200153F8040B8B4242F8040BF9D196F895
:1032500023300F222C33B3FBF2F3B7EB431FC3D35E
:103260004FF0400800212846FFF7FCFE04280446E2
:10327000BAD00028B9D1A96B2868FFF7C5F8044671
:103280000028B2D1EB6B1A78C12AADD1B8F5187FFE
:1032900009D206EB080203F1200153F8040B8B421C
:1032A00042F8040BF9D108F120084745DAD8B8F5FF
:1032B000187F9AD83046FEF71FFF7388834294D058
:1032C00092E700000B68002210B5036004460B6A09
:1032D00083604B6AC261C37123F0FF03896AC0E94E
:1032E0000432C164FFF7E0F920B92046BDE8104080
:1032F000FFF76CBF10BD0000F8B503680546012755
:103300001C692046FEF7F8FEA070000A6678E0709F
:103310002846E96CFFF7C8F920B1022828BF02202F
:10332000C0B2F8BDA96B2868FFF76EF80028F4D189
:10333000EB6B04F1200254F8041B944243F8041B85
:10334000F9D12B68DF70002EE7D000212846013E1E
:10335000FFF788FEE0E700002DE9F8434FF0FF0893
:1033600006460768042445464FF6FF79B16B11B94C
:10337000002C73D063E03846FFF746F80446002877
:103380005DD1F06B0378002B6ED03A78042A11D10E
:10339000852B4DD1336B3046F364FFF717FF04469E
:1033A00000284CD13B691B7903F03F03B3712046E1
:1033B000BDE8F883C27AE52B02F03F02B27143D038
:1033C0002E2B41D022F0200108293DD00F2A40D1D8
:1033D000590637D503F0BF05336B90F80D80F364C1
:1033E000437B434530D1428B72BB03780D21FC688F
:1033F00023F04003DFF874E0013B4B4301211EF84A
:1034000001CB30F80CC009B3FF2B1DD824F813C032
:103410006146013301320D2AF1D10278520605D5F9
:1034200021B1FF2B10D8002224F81320013DEDB26A
:1034300000213046FFF716FE0446002896D00023F0
:10344000B363B4E7AB42CBD0FF25F1E7CC45E1D085
:10345000FAE72DB9FEF740FE404501D10024A6E76A
:103460004FF0FF33F364A2E70424E8E7048D00087B
:103470002DE9F04F002187B00446D0F80090FFF707
:1034800013F9804670B999F80030042B33D1D9F87C
:103490000C00FEF779FF07462046FFF75DFF054663
:1034A00020B18046404607B0BDE8F08FD9F8103013
:1034B0009A8CBA42F0D193F823B040265D4506D1EC
:1034C000D9F80C3033F81530002BE5D1EAE7F106D6
:1034D000D9F8103008BF0236985B01F04DF8D9F8E2
:1034E0000C30824633F8150001F046F88245D3D1FE
:1034F00002360135E2E74FF0FF0A4FF0FF3B554639
:10350000C4F84CB0A16B4846FEF77EFF00285CD1A2
:10351000E66B3778002F77D0F27AE52F02F03F0381
:10352000A37103D0120704D50F2B04D0C4F84CB0FC
:103530004FE00F2B54D194F84B3058063FD4790606
:1035400045D5236B07F0BF0796F80DA0E364737BA6
:1035500053453ED1738B002B3BD135780121D9F8EF
:103560000C3005F03F0501930D23013D5D43284BD1
:1035700013F8012BB25A71B3FF2D059329D81046C9
:10358000049200F0F9FF6B1C03900293019B33F847
:10359000150000F0F1FF039981421AD1049A029DAF
:1035A0001146059B1B4A9342E2D133785A0604D553
:1035B00019B1019B33F815305BB97D1EEDB20021C6
:1035C0002046FFF74FFD00289CD080466AE7BD42A9
:1035D000BDD0FF25F3E74FF6FF708242E2D0F8E757
:1035E0002DB93046FEF778FD50453FF45BAF94F8B7
:1035F0004B30DB079AD40B2204F14001304605F032
:1036000057FA002892D14DE74FF004084AE700BF6F
:10361000048D0008118D00082DE9F04F90F84BB093
:1036200099B004461BF0A00540F068810668F26876
:1036300032F81530002B4AD13378042B40F08780C4
:103640000F230E352046B5FBF3F5A91CFFF768FDE7
:103650008146002877D1236B0135A3EB4515E3792B
:103660005A07E56435D523F004032046E371FFF7DC
:103670007DF950BB4FF0FF32616B2046FFF7E0F859
:1036800018BBA3682BB3214604A8FFF71BFEE0B9C3
:1036900070894FF40071D4E90423E0FB0123306901
:1036A000C4E904233830FEF7EFFC3069D4E9042381
:1036B0002830FEF7E9FCE379326904A843F00103FE
:1036C00082F82130FFF718FE18B181463BE0013542
:1036D000AEE7D6E90354402200212046FEF7AEFBB8
:1036E0008523012140222370C0234FF0C10C04EB3D
:1036F000010884F8203000231E469E46571C04F81B
:1037000002C0F0B2023204F807E021B135F813101C
:1037100009B10133DBB20F0AA15408F8027002327A
:10372000D706F2D135F813700136002FE6D184F8B0
:103730002330831C28466370FEF726FE84F824009D
:10374000000A84F82500484619B0BDE8F08F04F15E
:1037500040070DF1100A1BF0010F97E807008AE8F7
:10376000070000F0D38040234FF0010884F84B306D
:10377000BC46F368B8F1050F9AE80700ACE803000F
:103780002CF8022B4FEA12428CF8002059D9981ECF
:10379000424630F8021F002942D10DF10F0C0721DB
:1037A00002F00F0E914612090EF13000392888BF41
:1037B0000EF1370001390CF8010902D0B9F10F0FF1
:1037C000EED818AB7E205A1802F8580C3846002262
:1037D000914206D010F801CB02F1010EBCF1200F8E
:1037E00031D104F13F0C072902F1010297BF18AB58
:1037F00020205818013198BF10F8580C072A0CF8EF
:103800000200F0D92046FFF733FE8146002878D128
:1038100008F10108B8F1640FAAD14FF0070992E747
:103820004FF0100C01F0010E49080EEB4202D303D9
:1038300044BF82F4883282F02102BCF1010CF1D144
:10384000A7E74246A9E77246C2E7216B2046A1EBF3
:103850004511FEF729FF814600287FF474AF4FF62B
:10386000FF783846FEF738FC0190A16B3046FEF732
:10387000CBFD814600287FF466AFE36BE9B2019A85
:103880004FF00D0CD6F80CE05A734FF00F02DFF832
:10389000E0A0DA724A1E18730CFB02F28446987696
:1038A000D87640451AF8019B0CF1010C18BF3EF880
:1038B000120003EB090B18BF013203F809004FEAAD
:1038C0001029002808BF4046BCF10D0F8BF801906D
:1038D000E7D1404502D03EF812200AB941F040013C
:1038E0001970012300212046F370FFF7BBFB8146CE
:1038F00000287FF428AF013DB7D11BE04FF0060947
:1039000021E704287FF41FAF84F84BB01BF0020FAF
:1039100020461BBF0C350D210125B5FBF1F518BF65
:1039200001352946FFF7FCFB814600287FF40BAFE9
:10393000013D8AD1A16B3046FEF766FD8146002825
:103940007FF401AF01462022E06BFEF777FAE36BCC
:1039500003CF18605960BA7839889A72198194F83F
:103960004B30E26B03F0180313730123F370EAE6A4
:10397000048D000810B504460A463430FEF776FB85
:10398000886004F13800FEF773FBC2E9040194F883
:10399000213003F00203D3710023D36110BD000076
:1039A00003284B8B04BF8A8A43EA024318467047B8
:1039B0002DE9F04F0B7899B0044689462F2BD0F8AB
:1039C00000B001D05C2B09D14A46137891460132F0
:1039D0002F2BFAD05C2BF8D0002301E0DBF81C3051
:1039E000A3600023E3619BF80030042B1ED1A36881
:1039F000E3B1DBF82030214604A82362DBF8243051
:103A00006362DBF82830A362FFF75CFC0346002802
:103A100054D1DBF8102002F13800FEF727FBC4E98F
:103A2000040392F8213003F00203E37199F80030A7
:103A30001F2B00F2358180230021204684F84B3073
:103A400019B0BDE8F04FFEF72FBE49460B78894606
:103A500001312F2BFAD05C2BF8D01F2B8CBF002507
:103A60000425012F2FD113882E2B31D1002322F8CA
:103A7000173004F140029F428CBF2E2120210133D8
:103A80000B2B02F8011BF6D145F02005204684F8E7
:103A90004B50FFF7EDFC94F84B30002800F0E78026
:103AA00004280BD1990603F0040240F1DC80002ABF
:103AB00000F0F6808023002084F84B3019B0BDE878
:103AC000F08F0425CDE7022F02D153882E2BCAD0C8
:103AD000911E87BB002322F81730002F00F01181C0
:103AE00032F81300194601332028F9D009B92E28DD
:103AF00001D145F00305901E30F817302E2B01D070
:103B0000013FF9D14FF020334FF0000A6364D046F3
:103B10002364C4F847300823481C32F81160009031
:103B2000F6B1202E03D02E2E0DD1B84210D045F084
:103B300003050099F0E731F81730202B01D02E2B28
:103B4000C8D1013FC5E79A4505D20099B9423BD19A
:103B50000B2B30D101E00B2B27D145F003050B23B4
:103B600094F84020E52A04BF052284F84020082B61
:103B700004BF4FEA88085FFA88F808F00C030C2BA2
:103B800003D008F00303032B01D145F00205A80779
:103B90003FF57CAF18F0010F18BF45F0100518F085
:103BA000040F18BF45F0080570E70099B94202D02C
:103BB00045F00305D4D84FEA88080B234FF0080AD4
:103BC00000975FFA88F8B4E77F2E15D9304640F2A7
:103BD0005231CDE9022345F00203019300F098FC35
:103BE00010F0800F0646DDE9022316D000F07F06B4
:103BF00046498E5D019D46B331464548CDE90123D6
:103C000004F080FFDDE90123F8B9A6F1410189B292
:103C100019291ED848F0020810E0FF28EAD9591ED9
:103C20008A4503D345F003059A4682E704EB0A016F
:103C3000000A0AF1010A019D81F8400004EB0A0123
:103C40000AF1010A81F8406073E745F003055F2639
:103C5000F4E7A6F1610189B219299EBF203E48F020
:103C60000108B6B2EAE7002A08BF052026E75A078E
:103C70003FF524AFA379DB0645D59BF80000042867
:103C800035D1A3682146E27923622369DBF810006D
:103C900023F0FF0313436362E36CA362FFF76AFE42
:103CA00023680027DA6819F8010B00283FF409AFF0
:103CB00040F25231009200F04BFC054608B31F2839
:103CC000009A7FF6FEAE2F283FF4BFAE5C283FF48B
:103CD000BCAE7F2805D801460E4804F013FF009AB9
:103CE00078B9FF2F0DD022F817500137DBE7216B91
:103CF0000BF14C03C1F308011944FFF751FEA0601A
:103D0000CEE70620DAE60520D8E600BF848C00085E
:103D10007D8C0008748C00081FB5CDE9001003A845
:103D200014460391FEF700FA002815DB0B4A52F8FF
:103D300020300BB100211970019B0BB100211970CB
:103D400042F820302CB1002201A96846FEF7C8FED7
:103D50000446204604B010BD0B24FAE714360020B8
:103D60002DE9F04798B0904605460191002800F0F3
:103D7000528102F03F0603A901A83246FEF7B0FEC9
:103D8000002840F04681039B4FF48C60049302F0BE
:103D900065FF0746002800F04081039B00F5007294
:103DA0000199D86004A81A61FFF702FE044620B901
:103DB0009DF95B30002BB8BF062418F01C0F00F0F3
:103DC000CD80002C4CD0042C40D104A8FFF724FC5B
:103DD000044600283AD146F00806039B1A78042AC4
:103DE00040F08380186929462B60FFF7C3FD039BD1
:103DF0001E22002118690230FEF720F8039C0021E2
:103E00001A2220692630FEF719F8236920221A7138
:103E1000246902F05DFF0146012208342046FEF7C6
:103E20002BF9039B04A81B6983F82120FFF764FA90
:103E3000044658B9A96801B302462846FEF718FDA2
:103E4000AB68039A0446013B5361B4B1384602F0B3
:103E500015FF0CB100232B60204618B0BDE8F08799
:103E60009DF8163013F0110F40F0848018F0040F05
:103E700040F0C98018F0080FAFD1039A31071399A9
:103E8000936C48BF46F04006E964AB6410780428A0
:103E900072D1069B9DF817102B62089B106923F0C6
:103EA000FF030B4329466B62179BAB62FFF762FD72
:103EB000DDF80CA00024002205F15008BAF8063005
:103EC00021464046C5F800A0AB80002385F830604D
:103ED00085F831406C64C5E90E234FF40072FDF79C
:103EE000ADFFB20653D40024B0E702F0F1FE014664
:103EF000009013980E30FEF7BFF813980099163013
:103F0000FEF7BAF8039C13992078FFF749FD2023A8
:103F100000228046CB7220461399FEF7D1F8139BFE
:103F2000002201211A775A779A77DA77039BD970A2
:103F3000B8F1000FA1D0414604A8D3F84890FEF78D
:103F400097FC0446002881D149460398FEF75CFAA5
:103F5000039B044608F1FF30586176E7002C7FF49C
:103F600075AF9DF81630DC064FD418F0020F84D0E0
:103F7000D80782D5072469E7FFF712FD0023A86060
:103F800001F11C00FEF772F86B61286190E7D5E93A
:103F9000046956EA0903A6D0BAF80AA0A9684FEA4C
:103FA0004A2AC5E90E69B24574EB09031BD3002404
:103FB0002964002C7FF44AAFC6F30803002B92D08B
:103FC000039C2046FEF770F808B3760A01234146A9
:103FD00046EAC95682196A64607802F0A3F9041EA1
:103FE00018BF012432E72846FEF7C6FAB6EB0A06E8
:103FF000014669F10009012803D9431CD3D10124EA
:10400000D6E70224D4E7082420E704241EE702248C
:104010001CE704461EE709241EE711241CE70000E4
:104020002DE9F04F994685B00023884603A9044640
:10403000C9F800301646FEF791F8054680BB94F8A3
:1040400031506DBB94F8303013F00103009300F051
:10405000A68004F1500AD4E90432D4E90E011B1AF7
:1040600062EB0102B34272F1000238BF1E46BEB1DC
:10407000D4E90E10C1F30803002B40F08280039BAB
:104080005A894B0A013A43EAC0531A401BD151EAFC
:10409000000309D1A06801280DD8022584F8315009
:1040A000284605B0BDE8F08F216C20460192FEF74E
:1040B00063FA019AEFE7431C04D10123009D84F8C1
:1040C0003130EDE72064DDF80CB0216C5846FDF787
:1040D000EBFF0028E1D0B6F5007F02EB000731D3FB
:1040E000BBF80A1002EB5620730A88429BF80100C5
:1040F00088BF8B1A3A464146019302F013F9002813
:10410000DBD194F93020019B002A0BDA606CC01BD4
:10411000984207D24FF40072514608EB4020FDF759
:1041200067FE019B5F02D9F80030F61BB8443B44A0
:10413000C9F80030D4E90E32DB1942F10002C4E9BB
:104140000E3294E7626CBA421AD094F93030002BE8
:104150000DDA012351469BF8010002F007F900280F
:10416000ABD194F8303003F07F0384F830300398FB
:1041700001233A465146407802F0D4F800289CD1F9
:104180006764A16B4046C1F30801C1F50077514453
:10419000B74228BF37463A46FDF72AFEC3E7072550
:1041A0007EE7000070B596B00E460022019002A98D
:1041B00001A8FEF795FC0446E0B94FF48C6002F0CC
:1041C0004DFD0546D8B1029B00F500720199D860FB
:1041D00002A81A61FFF7ECFB044640B99DF9533081
:1041E000002B0ADB1EB1314602A8FDF7EDFF284681
:1041F00002F044FD204616B070BD0624F7E71124F6
:10420000F8E7000070B5B8B00222019003A901A838
:10421000FEF766FC044608BB039B4FF48C601093CA
:1042200002F01CFD0546002866D0039B00F50072D5
:104230000199D86010A81A61FFF7BAFB044650B97B
:104240009DF88B30980655D4190653D49DF8463006
:10425000DA0706D50724284602F010FD204638B0BC
:1042600070BD039B04931878042814D104A918691D
:10427000FFF780FB069E9DF84630DB0610D410A8A1
:10428000FEF776FF04460028E5D156BB0398FEF7FB
:10429000DBFB0446DFE71F99FFF782FB0646EAE7F0
:1042A000039BDA69B242D5D024930021269624A834
:1042B0001B78042B01BFDDE90823CDE928239DF8F5
:1042C00017308DF89730FEF7EFF904460028C2D179
:1042D00024A8FFF741F804460028BBD00428BAD12F
:1042E000CDE70246314604A8FEF7C2FA044600288C
:1042F000B1D1CBE70624AEE71124AFE7F0B5BDB0EE
:10430000CDE900106846FDF70FFF022203A901A8BE
:10431000FEF7E6FB0446002841D1039B4FF48C6076
:10432000149302F09BFC0546002800F0EE80039BEE
:1043300000F5007214AE0199D8601A613046FFF79B
:1043400037FB044640BB9DF89B3013F0A00F40F0B4
:10435000D880039B009F1A78042A68D11B6904AC9B
:1043600003F1400C1868083353F8041C22466345D7
:1043700003C21446F6D15022314628A8FDF738FD75
:10438000394628A8FFF714FB044600284CD12A9A86
:10439000169B9A4206D00824284602F06FFC20465D
:1043A0003DB0F0BD349A209B9A42F4D128A8FFF783
:1043B00033F904460028EFD1039B04AF1B6993F83F
:1043C00001E093F823C09C8C3A46083303CAB242FA
:1043D00043F8080C43F8041C1746F5D1039B28A8A2
:1043E0001B6983F801E0039B1A6982F823C01A69EC
:1043F00082F82440240A82F825401A691379D906E4
:104400005CBF43F020031371FEF776FF04460028DB
:10441000C2D13046FEF7ACFE04460028BCD103985A
:10442000FEF712FB0446B7E70428B5D1BEE7239A8E
:1044300004AB02F1200C1068083252F8041C1C4630
:10444000624503C42346F6D15022314628A8FDF721
:10445000CFFC394628A8FFF7ABFA044600284CD118
:104460002A9A169B9A4296D1349A209B9A4292D1CC
:1044700028A8FFF7D1F8044600288DD137990DF10F
:104480001D030DF12D0001F10D0253F8044B834281
:1044900042F8044BF9D11888012710809B7893705B
:1044A0009DF81B30039CDA0658BF43F02003CB7203
:1044B000E770CB7ADB06ACD5169A2A9B9A42A8D035
:1044C0002078FFF76DFA01462046FDF7EDFD014625
:1044D000C8B12046FDF798FF044600287FF45CAF82
:1044E000039890F86D302E2B93D12A9A00F16C012D
:1044F000FDF7E6FD039BDF708BE704287FF44CAFEC
:10450000B6E7062448E7022446E7112447E70000FF
:104510007F2810B501D880B210BDB0F5803F13D20E
:1045200040F2523399420FD10849002231F8024B30
:1045300093B2844203D103F18000C0B2ECE70132B0
:10454000802AF3D11346F6E70020E5E7C48F000880
:104550007F280DD940F25233994208D1FF2806D85E
:1045600000F10040034B803833F810007047002002
:10457000704700BFC48F0008B0F5803FF0B522D26D
:104580001F4A83B21F49B0F5805F28BF0A46141D39
:1045900034F8042C2146AAB1934213D334F8025CB8
:1045A0002E0AEFB252FA85F5A84222DA082E09D86F
:1045B000DFE806F0050A10121416181A1C00801AFB
:1045C00034F810301846F0BD981A00F001001B1A9C
:1045D0009BB2F7E7103BFBE7203BF9E7303BF7E7FF
:1045E0001A3BF5E70833F3E7503BF1E7A3F5E35354
:1045F000EEE70434002ECBD101EB4702C7E700BF42
:10460000148D0008088F000808B5074B074A196881
:1046100001F03D01996053680BB190689847BDE87F
:10462000084002F04BBD00BF000002401C360020D5
:1046300008B5084B1968890901F03D018A019A60A3
:10464000054AD3680BB110699847BDE8084002F0ED
:1046500035BD00BF000002401C36002008B5084BE5
:104660001968090C01F03D010A049A60054A536972
:104670000BB190699847BDE8084002F01FBD00BF2C
:10468000000002401C36002008B5084B1968890D4F
:1046900001F03D018A059A60054AD3690BB1106AA1
:1046A0009847BDE8084002F009BD00BF0000024085
:1046B0001C36002008B5074B074A596801F03D0138
:1046C000D960536A0BB1906A9847BDE8084002F080
:1046D000F5BC00BF000002401C36002008B5084BA6
:1046E0005968890901F03D018A01DA60054AD36AF7
:1046F0000BB1106B9847BDE8084002F0DFBC00BF6B
:10470000000002401C36002008B5084B5968090C0F
:1047100001F03D010A04DA60054A536B0BB1906B5E
:104720009847BDE8084002F0C9BC00BF0000024045
:104730001C36002008B5084B5968890D01F03D0171
:104740008A05DA60054AD36B0BB1106C9847BDE857
:10475000084002F0B3BC00BF000002401C3600203D
:1047600008B5074B074A196801F03D019960536C81
:104770000BB1906C9847BDE8084002F09FBC00BFA9
:10478000000402401C36002008B5084B196889094E
:1047900001F03D018A019A60054AD36C0BB1106D9E
:1047A0009847BDE8084002F089BC00BF0004024001
:1047B0001C36002008B5084B1968090C01F03D01B2
:1047C0000A049A60054A536D0BB1906D9847BDE895
:1047D000084002F073BC00BF000402401C360020F9
:1047E00008B5084B1968890D01F03D018A059A60EA
:1047F000054AD36D0BB1106E9847BDE8084002F032
:104800005DBC00BF000402401C36002008B5074B09
:10481000074A596801F03D01D960536E0BB1906EA3
:104820009847BDE8084002F049BC00BF00040240C0
:104830001C36002008B5084B5968890901F03D0174
:104840008A01DA60054AD36E0BB1106F9847BDE854
:10485000084002F033BC00BF000402401C360020B8
:1048600008B5084B5968090C01F03D010A04DA60EB
:10487000054A536F0BB1906F9847BDE8084002F0AE
:104880001DBC00BF000402401C36002008B5084BC8
:104890005968890D01F03D018A05DA60054AD36F38
:1048A00013B1D2F880009847BDE8084002F006BC7A
:1048B000000402401C36002000230C4910B51A46A3
:1048C0000B4C0B6054F82300026001EB43000433EF
:1048D0004260402BF6D1074A4FF0FF339360D3601C
:1048E000C2F80834C2F80C3410BD00BF1C360020DA
:1048F000C4900008000002400F28F8B510D9102815
:1049000010D0112811D0122808D10F240720DFF869
:10491000C8E00126DEF80050A04208D9002653E086
:104920000446F4E70F240020F1E70724FBE706FA2A
:1049300000F73D424AD1264C4FEA001C3D4304EBB0
:1049400000160EEBC000CEF80050C0E90123FBB208
:1049500073B12048D0F8D83043F00103C0F8D83004
:10496000D0F8003143F00103C0F80031D0F8003135
:1049700017F47F4F0ED01748D0F8D83043F0020319
:10498000C0F8D830D0F8003143F00203C0F800314D
:10499000D0F8003154F80C00036823F01F030360C3
:1049A000056815F00105FBD104EB0C033D2493F8D9
:1049B0000CC05F6804FA0CF43C602124056044617B
:1049C00012B1987B00F04EFB3046F8BD0130A3E7F2
:1049D000C4900008004402581C36002010B5302452
:1049E00084F31188FFF788FF002383F3118810BD3B
:1049F00010B50446807B00F04BFB01231549627B18
:104A000003FA02F20B6823EA0203DAB20B6072B90E
:104A1000114AD2F8D81021F00101C2F8D810D2F80A
:104A2000001121F00101C2F80011D2F8002113F4A5
:104A30007F4F0ED1084BD3F8D82022F00202C3F8E2
:104A4000D820D3F8002122F00202C3F80021D3F8C5
:104A5000003110BD1C3600200044025808B5302338
:104A600083F31188FFF7C4FF002383F3118808BD87
:104A7000836CC26A8B42506810B506D95A1E4C002E
:104A800002EB4103B3FBF4F3184410BD01F0010342
:104A90008A0748BF43F002034A0748BF43F00803B0
:104AA0000A0748BF43F00403CA0648BF43F0100397
:104AB0008A06426B48BF43F02003134343637047A9
:104AC00010B5074C204600F0F3FC064B0022C4E969
:104AD0001023054BA364054BE363054BE36410BD52
:104AE000A03600200070005200B4C404F436002048
:104AF000F4380020C36A0BB9104BC3620379012B51
:104B000011D10F4B98420ED10E4BD3F8D42042F462
:104B10008032C3F8D420D3F8FC2042F48032C3F8AA
:104B2000FC20D3F8FC30436C00221A65DA621A606C
:104B30005A605A624FF0FF329A637047C49100087E
:104B4000A0360020004402580379012B1BD0436C8F
:104B500000221A65DA621A605A605A624FF0FF3218
:104B60009A63094B98420ED1084BD3F8D42022F413
:104B70008032C3F8D420D3F8FC2022F48032C3F86A
:104B8000FC20D3F8FC307047A036002000440258C7
:104B900010B5446C0649FFF76BFF6060236842F272
:104BA000107043F003032360BDE8104001F01CBA0D
:104BB000801A06000129F8B5466C0B4F09D17568BB
:104BC0000A493D40FFF754FF054345F480557560A1
:104BD000F8BD746806493C40FFF74AFF044344F4BB
:104BE00080547460F4E700BF00ECFFFF80F0FA022D
:104BF00040787D01436C00225A601A6070470000C3
:104C0000426C0129536823F4404304D0022905D0A3
:104C100001B95360704743F48043FAE743F400431B
:104C2000F7E70000436C41F480519A60D9605A6BF9
:104C30001206FCD580229A637047000010B541F43B
:104C40008851446CA260E160616B11F04502FBD0B9
:104C5000A26311F0040203D0FFF718FF012010BD7A
:104C6000616910461960FAE710B541F48851446C47
:104C7000A260E160616B11F04502FBD0A26311F00C
:104C8000050203D0FFF702FF012010BD6169104645
:104C90001960FAE773B5134604460E46302282F3D4
:104CA0001188426CD26B32B14FF0FF31403001932A
:104CB00001F0A6F9019B606C00220265C263C2622A
:104CC000456B15F4807504D185F31188012002B07D
:104CD00070BD4FF0FF31816382F31188012E06D938
:104CE0000C21204602B0BDE87040FFF7BDBF104662
:104CF000EDE7000073B5446C0E4600250192616B30
:104D0000A1632565E562FFF7C1FE012E07D9019B6E
:104D10002A460C2102B0BDE87040FFF7A5BF02B0E3
:104D200070BD000010B541F49851446CA260E16080
:104D3000616B11F04502FBD0A26311F03F0203D07A
:104D4000FFF7A4FE012010BD216A10461960E16939
:104D50005960A16999606169D960F4E72DE9F74369
:104D600004460191006D01A91746984602F0CEF85D
:104D7000064600284AD0626C2046DDF8049055684B
:104D8000C5F3090501356B00A56CB5FBF3F54FF4D0
:104D90007A73B5FBF3F55D43556200F04FFB50BBF2
:104DA000636C4FF0FF3201254146C3F8589020460E
:104DB0001D659A634FF49572DA6342F207029F62AF
:104DC000DA62E36C0A9AFFF74FFFA0B9E26C104B6E
:104DD00011680B407BB929462046FFF75BFF05466B
:104DE00048B92E463A460199206D02F0C7F8304680
:104DF00003B0BDE8F0833A460199206D02F0BEF899
:104E0000E26C01212046FFF775FFF0E70126EEE78F
:104E100008E0FFFD2DE9F7431F46436C01924FF474
:104E20007A725D6804468846C5F3090501356E004F
:104E3000856CB5FBF6F5B5FBF2F555435D6200F008
:104E4000FDFA20B10125284603B0BDE8F0837E02BB
:104E500001A9206D324602F059F805460028F1D02C
:104E6000636C019AD4F84C909A6501221A654FF050
:104E7000FF329A634FF49572DA639E62236BDB060E
:104E80004B4658BF4FEA4828012F42461BD91221F2
:104E90002046FFF7E9FEC0B9D9F80020104B1340B7
:104EA0009BB9636C42F2930239462046DA62E26CA7
:104EB000FFF7F0FE804640B932460199206D454625
:104EC00002F05CF8BFE71121E2E732460199206D5C
:104ED00002F054F8E26C39462046FFF70BFFB2E7C8
:104EE00008E0FFFD2DE9F3411F46436C01924FF4AA
:104EF0007A725D6804468846C5F3090501356E007F
:104F0000856CB5FBF6F5B5FBF2F555435D6200F037
:104F100095FA20B10125284602B0BDE8F0817E0255
:104F200001A9206D324602F037F805460028F1D07D
:104F3000636C019A9A6501221A654FF0FF329A63F9
:104F40004FF48D72DA639E62236BE66CDB063346A8
:104F500058BF4FEA4828012F424619D91921204647
:104F6000FFF782FEB0B932680F4B134093B9636C00
:104F700042F2910239462046DA62E26CFFF78AFE7D
:104F8000064638B901993546206D02F041F8C2E76E
:104F90001821E4E70199206D02F03AF8E26C3946F5
:104FA0002046FFF7A7FEB6E708E0FFFD12F0030F6B
:104FB0002DE9F04107460C4615461E4617D00E4413
:104FC000B44202D10020BDE8F0810123FA6B2146F2
:104FD0003846FFF71FFF0028F5D128464FF400722E
:104FE000F96B05F500750134FCF702FFE8E7BDE851
:104FF000F041FFF70FBF000012F0030F2DE9F04161
:1050000007460C4615461E4617D00E44B44202D140
:105010000020BDE8F08129464FF40072F86B05F5D9
:105020000075FCF7E5FE0123FA6B21463846FFF7D1
:1050300059FF0028EDD10134E8E7BDE8F041FFF762
:1050400051BF000000207047302310B583F3118852
:105050000024436C40302146DC6300F0DFFF84F322
:10506000118810BD090100F16043012203F561437D
:10507000C9B283F8001300F01F039A4043099B0054
:1050800003F1604303F56143C3F880211A60704760
:1050900000F01F0301229A40430900F160409B0089
:1050A00000F5614003F1604303F56143C3F88020DC
:1050B000C3F88021002380F8003370470379052B63
:1050C00005BF836A002001204B6004BF4FF40073CA
:1050D0000B60704770B55D1E866A04460D44B5428C
:1050E00005D9436B43F080034363012070BD06255F
:1050F0000571FFF75BFF05232371F7E770B55D1EB0
:10510000866A04460D44B54205D9436B43F08003DB
:105110004363012070BD07250571FFF76DFF05236F
:105120002371F7E738B505790446052D05D1082325
:105130000371FFF787FF257138BD0120FCE70000F0
:105140000323F0B5037185B00446FFF721FD00226B
:1051500020461146FFF766FD4FF4D57203AB0821D8
:105160002046FFF781FD0246B8B901232363039B64
:10517000C3F30323012B09D103AB37212046FFF7EB
:1051800073FD18B9A44B039A1340ABB12046012517
:10519000FFF730FD0223237137E103AB00223721F3
:1051A0002046FFF761FD28B99B4A039B1A40002A5D
:1051B00000F0A78002232363236B03F00F03022B6D
:1051C00040F0A9806425954E42F2107000F00CFF6B
:1051D00003AB324601212046FFF730FD0028D5D130
:1051E000039B002B80F293805A0003D5236B43F07E
:1051F00010032363002204F1080302212046FFF775
:1052000091FD02460028C1D104F138030321204654
:10521000FFF72AFD0028B9D104F11805A26B092176
:1052200020462B46FFF77EFD0028AFD102ABA26BD4
:1052300007212046FFF718FD06460028A6D1236B5C
:1052400003F00F03022B40F08F807E227F2128463F
:1052500003F076F9012840F28780E76B42F2107084
:1052600000F0C2FE08234FF4007239462046009633
:10527000FFF774FD002889D1384603F0AFF9236B9E
:10528000A06203F00F03022B72D103AB644A062124
:105290002046FFF7E9FC002871D15F49039B1940C4
:1052A000B1FA81F149092046FFF784FC02AB4FF4C3
:1052B000007210212046FFF7D7FC054600287FF436
:1052C00065AF554E029B33427FF460AF236B13F002
:1052D0000E0F03F00F0273D0022A7FF457AFE36A78
:1052E0001978012900F09480022900F093800029A8
:1052F00000F089804B4F2046FFF782FC03AB3A4613
:1053000076E0114620462263FFF78CFC54E7013D0E
:105310007FF45AAF3AE7444D6426444A3E4F012B8E
:1053200018BF154603AB002237212046FFF79CFC2F
:1053300000287FF42BAF039B3B427FF427AF03ABE6
:105340002A4629212046FFF779FC00287FF41EAF6A
:10535000039B002BFFF648AF013E3FF417AF42F22C
:10536000107000F041FEDDE7284603F00BF986E7F8
:105370007E227F212846E66B03F0E2F808B900217F
:1053800091E7002340223146204600930623FFF791
:10539000E5FC0028F3D1B3895BBA9B07EFD5244B1A
:1053A00040223146204600930623FFF7D7FC002811
:1053B000E5D1317C01F00F010F3918BF012172E7EF
:1053C000E36A1978F9B101297FF4E0AE2046FFF7CE
:1053D00017FC03ABA26B37212046FFF745FC0028E2
:1053E0007FF4D4AE039B33427FF4D0AE03AB0222F2
:1053F00006212046FFF738FC00287FF4C7AE039B48
:1054000033427FF4C3AE05232371284605B0F0BDB7
:10541000084F70E7084F6EE708E0FFFD0080FFC00F
:105420000001B9030000B7030080FF5000001080A6
:10543000F1FFFF800001B7030002B70337B5044650
:105440000C4D01ABA26B0D212046FFF70DFC78B986
:10545000019B2B420BD1C3F34323042B08D0053B04
:10546000022B04D84FF47A7000F0BEFDE9E701206A
:1054700003B030BD08E0FFFD70B53023054683F36F
:10548000118803790024022B03D184F3118820466C
:1054900070BD0423037184F311880226FFF7CEFF49
:1054A00004462846FFF7A6FB2E71F0E7FFF708BB7E
:1054B000044B03600123037100234363C0E90A33F3
:1054C000704700BFCC91000810B53023044683F329
:1054D0001188C162FFF70EFB02230020237180F3C5
:1054E000118810BD10B53023044683F31188FFF7EF
:1054F0002BFB00230122E362227183F3118810BD8C
:10550000026843681143016003B118477047000007
:1055100013B5406B00F58054D4F8A4381A6811789C
:10552000042914D1017C022911D11979012312898E
:105530008B4013420BD101A94C3002F02FFFD4F85D
:10554000A4480246019B2179206800F0DFF902B0EF
:1055500010BD0000143002F0B1BE00004FF0FF3368
:10556000143002F0ABBE00004C3002F083BF0000EC
:105570004FF0FF334C3002F07DBF0000143002F0DA
:105580007FBE00004FF0FF31143002F079BE000002
:105590004C3002F04FBF00004FF0FF324C3002F0B1
:1055A00049BF00000020704710B500F58054D4F8C2
:1055B000A4381A681178042917D1017C022914D162
:1055C0005979012352898B4013420ED1143002F0D5
:1055D00011FE024648B1D4F8A4484FF440736179F3
:1055E0002068BDE8104000F07FB910BD406BFFF7A8
:1055F000DBBF0000704700007FB5124B0125042679
:10560000044603600023057400F1840243602946C8
:10561000C0E902330C4B0290143001934FF44073F5
:10562000009602F0C3FD094B04F69442294604F1AA
:105630004C000294CDE900634FF4407302F08AFEFF
:1056400004B070BDF0910008ED5500081155000838
:105650000A68302383F311880B790B3342F8230057
:105660004B79133342F823008B7913B10B3342F893
:10567000230000F58053C3F8A4180223037400200C
:1056800080F311887047000038B5037F044613B1DA
:1056900090F85430ABB90125201D0221FFF730FFEF
:1056A00004F114006FF00101257700F0DDFC04F136
:1056B0004C0084F854506FF00101BDE8384000F010
:1056C000D3BC38BD10B5012104460430FFF718FFE4
:1056D0000023237784F8543010BD000038B5044609
:1056E0000025143002F07AFD04F14C00257702F019
:1056F00049FE201D84F854500121FFF701FF204688
:10570000BDE83840FFF750BF90F8803003F06003E9
:10571000202B06D190F881200023212A03D81F2AAC
:1057200006D800207047222AFBD1C0E91D3303E0D0
:10573000034A426707228267C3670120704700BFA0
:105740003422002037B500F58055D5F8A4381A6802
:10575000117804291AD1017C022917D11979012362
:1057600012898B40134211D100F14C04204602F003
:10577000C9FE58B101A9204602F010FED5F8A44890
:105780000246019B2179206800F0C0F803B030BDCB
:1057900001F10B03F0B550F8236085B004460D46C7
:1057A000FEB1302383F3118804EB8507301D0821F7
:1057B000FFF7A6FEFB6806F14C005B691B681BB196
:1057C000019002F0F9FD019803A902F0E7FD0246FD
:1057D00048B1039B2946204600F098F8002383F344
:1057E000118805B0F0BDFB685A691268002AF5D02F
:1057F0001B8A013B1340F1D104F18002EAE700006B
:10580000133138B550F82140ECB1302383F31188BF
:1058100004F58053D3F8A4281368527903EB82036C
:10582000DB689B695D6845B104216018FFF768FE7D
:10583000294604F1140002F0E7FC2046FFF7B4FE0D
:10584000002383F3118838BD7047000001F034BD98
:1058500001234022002110B5044600F8303BFCF73C
:10586000EDFA0023C4E9013310BD000010B5302368
:10587000044683F311882422416000210C30FCF798
:10588000DDFA204601F03AFD02230020237080F368
:10589000118810BD70B500EB8103054650690E46B6
:1058A0001446DA6018B110220021FCF7C7FAA0698B
:1058B00018B110220021FCF7C1FA31462846BDE894
:1058C000704001F021BE000083682022002103F017
:1058D000011310B5044683601030FCF7AFFA204680
:1058E000BDE8104001F09CBEF0B4012500EB81043E
:1058F00047898D40E4683D43A469458123600023C6
:10590000A2606360F0BC01F0B9BE0000F0B40125F4
:1059100000EB810407898D40E4683D43646905819B
:1059200023600023A2606360F0BC01F02FBF000081
:1059300070B5022300250446242203702946C0F8CE
:1059400088500C3040F8045CFCF778FA204684F864
:10595000705001F06DFD63681B6823B12946204635
:10596000BDE87040184770BD0378052B10B504469C
:105970000AD080F88C300523037043681B680BB194
:10598000042198470023A36010BD00000178052979
:1059900006D190F88C20436802701B6803B1184749
:1059A0007047000070B590F87030044613B10023C2
:1059B00080F8703004F18002204601F055FE6368E3
:1059C0009B68B3B994F8803013F0600535D000219E
:1059D000204602F047F90021204602F037F96368BB
:1059E0001B6813B1062120469847062384F87030BF
:1059F00070BD204698470028E4D0B4F88630A26FE6
:105A00009A4288BFA36794F98030A56F002B4FF0AE
:105A1000300380F20381002D00F0F280092284F827
:105A2000702083F3118800212046D4E91D23FFF75D
:105A30006DFF002383F31188DAE794F8812003F0E7
:105A40007F0343EA022340F20232934200F0C58012
:105A500021D8B3F5807F48D00DD8012B3FD0022B41
:105A600000F09380002BB2D104F188026267022219
:105A7000A267E367C1E7B3F5817F00F09B80B3F5D0
:105A8000407FA4D194F88230012BA0D1B4F88830A3
:105A900043F0020332E0B3F5006F4DD017D8B3F5F1
:105AA000A06F31D0A3F5C063012B90D86368204666
:105AB00094F882205E6894F88310B4F88430B0477C
:105AC000002884D0436863670368A3671AE0B3F5CE
:105AD000106F36D040F6024293427FF478AF5C4BB1
:105AE00063670223A3670023C3E794F88230012B86
:105AF0007FF46DAFB4F8883023F00203A4F8883047
:105B0000C4E91D55E56778E7B4F88030B3F5A06FB8
:105B10000ED194F88230204684F88A3001F0E6FCF9
:105B200063681B6813B10121204698470323237043
:105B30000023C4E91D339CE704F18B036367012351
:105B4000C3E72378042B10D1302383F31188204638
:105B5000FFF7BAFE85F311880321636884F88B5040
:105B600021701B680BB12046984794F88230002BB7
:105B7000DED084F88B300423237063681B68002B0D
:105B8000D6D0022120469847D2E794F884302046A8
:105B90001D0603F00F010AD501F058FD012804D0BD
:105BA00002287FF414AF2B4B9AE72B4B98E701F0B8
:105BB0003FFDF3E794F88230002B7FF408AF94F8B0
:105BC000843013F00F01B3D01A06204602D502F03C
:105BD00061F8ADE702F052F8AAE794F88230002BA2
:105BE0007FF4F5AE94F8843013F00F01A0D01B06BB
:105BF000204602D502F036F89AE702F027F897E738
:105C0000142284F8702083F311882B462A462946F3
:105C10002046FFF769FE85F31188E9E65DB115229C
:105C200084F8702083F3118800212046D4E91D23D5
:105C3000FFF75AFEFDE60B2284F8702083F31188EB
:105C40002B462A4629462046FFF760FEE3E700BFC1
:105C500020920008189200081C92000838B590F8AD
:105C600070300446002B3ED0063BDAB20F2A34D8FF
:105C70000F2B32D8DFE803F03731310822323131CF
:105C80003131313131313737856FB0F886309D424F
:105C900014D2C3681B8AB5FBF3F203FB12556DB92E
:105CA000302383F311882B462A462946FFF72EFE20
:105CB00085F311880A2384F870300EE0142384F8E9
:105CC0007030302383F31188002320461A4619468A
:105CD000FFF70AFE002383F3118838BDC36F03B1B9
:105CE00098470023E7E70021204601F0BBFF002191
:105CF000204601F0ABFF63681B6813B10621204604
:105D000098470623D7E7000010B590F87030044696
:105D1000142B29D017D8062B05D001D81BB110BDE4
:105D2000093B022BFBD80021204601F09BFF0021FC
:105D3000204601F08BFF63681B6813B106212046E3
:105D40009847062319E0152BE9D10B2380F8703012
:105D5000302383F3118800231A461946FFF7D6FD36
:105D6000002383F31188DAE7C3689B695B68002B23
:105D7000D5D1C36F03B19847002384F87030CEE7C4
:105D80000023826880F8243083691B6899689142F7
:105D9000FBD25A6803604260106058607047000090
:105DA0000023826880F8243083691B6899689142D7
:105DB000FBD85A680360426010605860704700006A
:105DC00008B50846302383F3118891F82430032B5B
:105DD00005D0042B0DD02BB983F3118808BD8B6A35
:105DE00000221A604FF0FF338362FFF7C9FF0023E0
:105DF000F2E7D1E9003213605A60F3E7034610B5C9
:105E00001B68984203D09C688A689442F8D25A680A
:105E10000B604A601160596010BD0000FFF7B0BF11
:105E2000064BD96881F824001868026853601A602C
:105E30000122D86080F82420FAF7E4BAF83800206C
:105E40000C4B30B5DD684B1C87B004460FD02B4699
:105E5000094A684600F09CF92046FFF7E1FF009BE5
:105E600013B1684600F09EF9A86A07B030BDFFF78D
:105E7000D7FFF9E7F8380020C15D0008044B1A6825
:105E8000DB6890689B68984294BF002001207047AF
:105E9000F8380020094B10B51C68D8682268536098
:105EA0001A600122DC6084F82420FFF779FF0146A4
:105EB0002046BDE81040FAF7A5BA00BFF838002028
:105EC000044B1A68DB6892689B689A4201D9FFF715
:105ED000E1BF7047F838002038B50123084C002591
:105EE0002370656002F0A8FB02F0CEFB054906486E
:105EF00002F0A4FC0223237085F3118838BD00BF93
:105F0000A03B002028920008F838002000F080B95B
:105F1000034A516853685B1A9842FBD8704700BF28
:105F2000001000E08B604B630023CA6100F128027F
:105F30000B6302230A618B840123886181F8263078
:105F400001F11003C26A4A611360C36201F12C03BC
:105F50000846CB6270470000D0E90131026841F881
:105F6000183CA1F19C033839CB60036941F8243C0B
:105F7000436941F8203C034B41F8043CC3680248A4
:105F8000FFF7D0BF1D040008F838002008B5FFF760
:105F9000E3FFBDE80840FFF741BF000038B50E4BF6
:105FA000DC6804F12C05A062E06AA8420FD194F8E5
:105FB00026303BB994F825309B0702BFD4E9043260
:105FC00013605A600F20BDE83840FFF729BF03680F
:105FD000E362FFF723FFE7E7F8380020302383F37D
:105FE0001188FFF7DBBF000008B50146302383F3BB
:105FF00011880820FFF724FF002383F3118808BDD0
:10600000054BDB6821B1036098620320FFF718BFDE
:106010004FF0FF30704700BFF838002003682BB105
:106020000022026018469962FFF7F8BE7047000030
:10603000064BDB6839B1426818605A6013604360F0
:106040000420FFF7FDBE4FF0FF307047F838002006
:106050000368984206D01A68026050601846996238
:10606000FFF7DCBE7047000038B504460D462068D7
:10607000844200D138BD036823605C608562FFF70D
:10608000CDFEF4E7036810B59C68A2420CD85C68AA
:106090008A600B604C602160596099688A1A9A6026
:1060A0004FF0FF33836010BD121B1B68ECE700004C
:1060B0000A2938BF0A2170B504460D460A26601920
:1060C00002F0B4FA02F09CFA041BA54203D8751C36
:1060D00004462E46F3E70A2E04D90120BDE870409D
:1060E00002F074BC70BD0000F8B5144B0D460A2ACE
:1060F0004FF00A07D96103F11001826038BF0A220C
:10610000416019691446016048601861A81802F0DE
:106110007DFA02F075FA431B0646A34206D37C1CA7
:1061200028192746354602F081FAF2E70A2F04D9EA
:106130000120BDE8F84002F049BCF8BDF838002065
:10614000F8B506460D4602F05BFA0F4A134653F8BF
:10615000107F9F4206D12A4601463046BDE8F840EE
:10616000FFF7C2BFD169BB68441A2C1928BF2C465F
:10617000A34202D92946FFF79BFF22463146034836
:10618000BDE8F840FFF77EBFF8380020083900204E
:10619000C0E90323002310B45DF8044B4361FFF70B
:1061A000CFBF000010B5194C236998420DD081680B
:1061B000D0E9003213605A609A680A449A6000235A
:1061C00003604FF0FF33A36110BD0268234643F81C
:1061D000102F53600022026022699A4203D1BDE869
:1061E000104002F01DBA936881680B44936002F07E
:1061F00007FA2269E1699268441AA242E4D911447B
:10620000BDE81040091AFFF753BF00BFF83800205F
:106210002DE9F047DFF8BC8008F110072C4ED8F8C4
:10622000105002F0EDF9D8F81C40AA68031B9A42FE
:106230003ED814444FF00009D5E90032C8F81C409C
:1062400013605A60C5F80090D8F81030B34201D1FD
:1062500002F0E6F989F31188D5E903312846984719
:10626000302383F311886B69002BD8D002F0C8F972
:106270006A69A0EB040982464A450DD2022002F069
:10628000A5FB0022D8F81030B34208D15146284669
:10629000BDE8F047FFF728BF121A2244F2E712EBDD
:1062A00009092946384638BF4A46FFF7EBFEB5E7ED
:1062B000D8F81030B34208D01444C8F81C00211A92
:1062C000A960BDE8F047FFF7F3BEBDE8F08700BF67
:1062D00008390020F838002038B502F091F9054A55
:1062E000D2E90845031B181945F10001C2E908016C
:1062F00038BD00BFF838002010B560B907480479F0
:106300000368053C9B6818BF0124984708B144F016
:106310000404204610BD0124FBE700BFA036002086
:10632000FFF7EABF2DE9F047884617469A4604462C
:10633000B0B90D4E3579052D05D003240DE0013D92
:1063400015F0FF050ED03268534639463046D2F874
:1063500014904246C8470028F1D12046BDE8F08796
:106360000424FAE70124F8E7A03600202DE9F047DD
:10637000884617469A460446B0B90D4E3579052D24
:1063800005D003240DE0013D15F0FF050ED0326865
:10639000534639463046D2F818904246C84700283E
:1063A000F1D12046BDE8F0870424FAE70124F8E79C
:1063B000A036002037B50C46154670B951B10129F9
:1063C0000BD10748694603681B6A984710B9019BBF
:1063D00004462B60204603B030BD0424FAE700BF1A
:1063E000A036002000207047FEE700007047000044
:1063F0004FF0FF30704700004B6843608B6883604C
:10640000CB68C3600B6943614B6903628B6943626C
:106410000B6803607047000008B53C4B40F2FF7109
:106420003B48D3F888200A43C3F88820D3F8882053
:1064300022F4FF6222F00702C3F88820D3F88820F4
:10644000D3F8E0200A43C3F8E020D3F808210A4338
:10645000C3F808212F4AD3F808311146FFF7CCFFC3
:1064600000F5806002F11C01FFF7C6FF00F58060B7
:1064700002F13801FFF7C0FF00F5806002F154011E
:10648000FFF7BAFF00F5806002F17001FFF7B4FF7B
:1064900000F5806002F18C01FFF7AEFF00F580602F
:1064A00002F1A801FFF7A8FF00F5806002F1C40126
:1064B000FFF7A2FF00F5806002F1E001FFF79CFF0B
:1064C00000F5806002F1FC01FFF796FF02F58C7188
:1064D00000F58060FFF790FF01F074FC0E4BD3F8DD
:1064E000902242F00102C3F89022D3F8942242F0A5
:1064F0000102C3F894220522C3F898204FF060529D
:10650000C3F89C20054AC3F8A02008BD00440258E7
:10651000000002583C92000800ED00E01F00080354
:1065200008B501F031FEFFF7D7FC104BD3F8DC20A3
:1065300042F04002C3F8DC20D3F8042122F04002EC
:10654000C3F80421D3F80431094B1A6842F0080259
:106550001A601A6842F004021A6000F061FD00F04F
:1065600041FBBDE8084000F0B5B800BF0044025848
:106570000018024801207047002070477047000053
:1065800002290CD0032904D00129074818BF002094
:106590007047032A05D8054800EBC200704704483D
:1065A00070470020704700BF3C9400084422002040
:1065B000F093000870B59AB005460846144601A944
:1065C00000F0C2F801A8FBF731FC431C0022C6B260
:1065D0005B001046C5E9003423700323023404F83D
:1065E000013C01ABD1B202348E4201D81AB070BD69
:1065F00013F8011B013204F8010C04F8021CF1E746
:1066000008B5302383F311880348FFF79BF8002374
:1066100083F3118808BD00BFA83B002090F88030AC
:1066200003F01F02012A07D190F881200B2A03D121
:106630000023C0E91D3315E003F06003202B08D1CF
:10664000B0F884302BB990F88120212A03D81F2A72
:1066500004D8FFF759B8222AEBD0FAE7034A426779
:1066600007228267C3670120704700BF3B220020DA
:1066700007B5052917D8DFE801F019160319192005
:10668000302383F31188104A01210190FFF702F9AA
:10669000019802210D4AFFF7FDF80D48FFF71EF89B
:1066A000002383F3118803B05DF804FB302383F3E8
:1066B00011880748FEF7E8FFF2E7302383F31188DB
:1066C0000348FEF7FFFFEBE790930008B493000840
:1066D000A83B002038B50C4D0C4C2A460C4904F15F
:1066E0000800FFF767FF05F1CA0204F1100009492D
:1066F000FFF760FF05F5CA7204F118000649BDE80E
:106700003840FFF757BF00BF8054002044220020CC
:10671000709300087A9300088593000870B50446CA
:1067200008460D46FBF782FBC6B2204601340378CB
:106730000BB9184670BD32462946FBF763FB0028AB
:10674000F3D10120F6E700002DE9F04705460C469D
:10675000FBF76CFB2C49C6B22846FFF7DFFF08B1F8
:106760000836F6B229492846FFF7D8FF08B1103697
:10677000F6B2632E0BD8DFF89080DFF89090244FAC
:10678000DFF898A02E7846B92670BDE8F087294634
:106790002046BDE8F04702F0C3B9252E30D10722CC
:1067A00041462846FBF72EFB80B91A4B224603F1DF
:1067B0000C0153F8040B8B4242F8040BF9D11988F1
:1067C00007359B780F3411809370DBE70822494628
:1067D0002846FBF717FB98B9A21C0F4B1978023219
:1067E0000909C95D02F8041C13F8011B01F00F012F
:1067F0005345C95D02F8031CF0D118340835C1E7D0
:10680000013504F8016BBDE75C940008859300082E
:10681000749400086494000800E8F11F0CE8F11F6C
:10682000BFF34F8F044B1A695107FCD1D3F81021E5
:106830005207F8D1704700BF0020005208B50D4B39
:106840001B78ABB9FFF7ECFF0B4BDA68D10704D527
:106850000A4A5A6002F188325A60D3F80C21D207F2
:1068600006D5064AC3F8042102F18832C3F8042190
:1068700008BD00BFDE5600200020005223016745FE
:1068800008B5114B1B78F3B9104B1A69510703D5A2
:10689000DA6842F04002DA60D3F81021520705D5D9
:1068A000D3F80C2142F04002C3F80C21FFF7B8FFE7
:1068B000064BDA6842F00102DA60D3F80C2142F0AC
:1068C0000102C3F80C2108BDDE5600200020005252
:1068D0000F289ABF00F58060400400207047000038
:1068E0004FF4003070470000102070470F2808B5A3
:1068F0000BD8FFF7EDFF00F500330268013204D139
:1069000004308342F9D1012008BD0020FCE70000DB
:106910000F2838B505463FD8FFF782FF1F4CFFF719
:106920008DFF4FF0FF3307286361C4F814311DD881
:106930002361FFF775FF030243F02403E360E3687C
:1069400043F08003E36023695A07FCD42846FFF72D
:1069500067FFFFF7BDFF4FF4003100F09BFA2846B8
:10696000FFF78EFFBDE83840FFF7C0BFC4F8103115
:10697000FFF756FFA0F108031B0243F02403C4F8FD
:106980000C31D4F80C3143F08003C4F80C31D4F846
:1069900010315B07FBD4D9E7002038BD002000523E
:1069A0002DE9F84F04460D46104644EA0203DE0680
:1069B00002D00020BDE8F88F20F01F00DFF8D4B02F
:1069C000DFF8D4A0FFF73AFF05EB0008454503D1F7
:1069D0000120FFF755FFEDE720222946204602F06F
:1069E00067F810B920342035F0E7234604F120027F
:1069F0001F68791CDDD104339342F9D104F1784347
:106A00002048214EB3F5801F204B38BF184603F1B4
:106A1000F80332BFD946D1461E46FFF701FF076093
:106A2000A4EB050C336805F11C0143F0020333604D
:106A30002B1FD9F8007017F00507FAD153F8042F6F
:106A40008B424CF80320F4D1BFF34F8FFFF7E8FEE1
:106A50004FF0FF330360336823F002033360BFF36A
:106A60004F8F0B4BC3F85C42BFF34F8FBFF36F8F59
:106A700020222946204602F01BF80028B2D03846D2
:106A8000A7E700BF142100520C200052142000522E
:106A900000ED00E0102000521021005210B5084C0B
:106AA000237828B11BB9FFF7C9FE0123237010BD5D
:106AB000002BFCD02070BDE81040FFF7E1BE00BF06
:106AC000DE5600202DE9F04F0D4685B0814658B1C5
:106AD00011F00D0614BF2022082211F008030193C3
:106AE00004D0431E034269D0002435E0002E37D085
:106AF00009F11F0121F01F094FF00108314F05F086
:106B00000403DFF8CCA005EA080BBBF1000F32D07C
:106B10007869C0072FD408F101080C37B8F1060FC7
:106B2000F3D19EB9284D4946A819019201F0CEFD36
:106B30000446002839D12036019AA02EF3D14946C7
:106B400001F0C4FD044600282FD1019A49461F4890
:106B500001F0BCFD044660BB204605B0BDE8F08FE7
:106B60000029C9D101462846029201F0AFFD044632
:106B7000D8B9029AC0E713B178694107CBD5AC0701
:106B800002D578698007C6D5019911B178690107E6
:106B9000C1D549460AEB4810CDE9022301F096FD24
:106BA0000446DDE902230028B5D04A4600212046EC
:106BB00001E04A460021FBF741F9CDE70246002EED
:106BC00096D199E78894000820570020E0560020CD
:106BD000005700200021FFF775BF00000121FFF7DB
:106BE00071BF000070B5144D0124144E40F2FF3205
:106BF00000210120FBF722F906EB441001342A6939
:106C000055F80C1F01F04EFD062CF5D137254FF439
:106C1000C0542046FFF7E2FF014628B1224608484B
:106C2000BDE8704001F03EBDC4EBC404013D4FEA35
:106C3000D404EED170BD00BF889400080057002036
:106C4000E05600200421FFF73DBF00004843FFF756
:106C5000C1BF000008B101F0ABBD7047B0F5805F67
:106C600010B5044607D8FFF7EDFF28B92046BDE868
:106C70001040FFF7AFBF002010BD0000FFF7EABFD4
:106C800070B5AAB140EA010313F01F030FD1094CFC
:106C90000144A5686D0706D52568A84203D3666838
:106CA0003544A94204D903330C34122BF1D100220C
:106CB000104670BD8894000808B501F08FFE034AA5
:106CC000D2E90032C01842EB010108BDC0570020D4
:106CD000434BD3E900232DE9F34113437CD0FFF765
:106CE000EBFF404A00230027F9F7A6FB06460D46B6
:106CF0003D4A0023F9F7A0FB0023144630462946FD
:106D0000394AF9F799FB4FF461613C23ADF8017002
:106D1000B4FBF1F5B4FBF3F601FB154103FB16469A
:106D20004624B1FBF3F1314BF6B28DF800409842A6
:106D30003CD84FF0640C4FF4C87EA30704F26C7289
:106D400025D1B2FBFCF30CFB132313BBB2FBFEF308
:106D50000EFB1322B2FA82F35B0903F26D18621C78
:106D60008045D2B217D90FB18DF800400022204CD7
:106D70004FF00C0C17460CFB0343D4B2013213F84E
:106D800004C084450CD8A0EB0C000127F5E70023D4
:106D9000E3E70123E1E7A0EB080014460127CCE775
:106DA0000FB18DF80140431C8DF802309DF80100B1
:106DB000431C9DF800005038400640EA43509DF8BF
:106DC000023040EA034040EA560040EAC52040EA6B
:106DD000411002B0BDE8F0814FF40410F9E700BFA4
:106DE000C057002040420F008051010090230B004B
:106DF000D09400080244074BD2B210B5904200D1A3
:106E000010BD441C00B253F8200041F8040BE0B25E
:106E1000F4E700BF504000580E4B30B51C6F2404FF
:106E200005D41C6F1C671C6F44F400441C670A4C9B
:106E300002442368D2B243F480732360074B90422C
:106E400000D130BD441C51F8045B00B243F820501F
:106E5000E0B2F4E70044025800480258504000589D
:106E600007B5012201A90020FFF7C4FF019803B074
:106E70005DF804FB13B50446FFF7F2FFA04205D00E
:106E8000012201A900200194FFF7C6FF02B010BD46
:106E9000704700000144BFF34F8F064B884204D374
:106EA000BFF34F8FBFF36F8F7047C3F85C02203082
:106EB000F4E700BF00ED00E00144BFF34F8F064B45
:106EC000884204D3BFF34F8FBFF36F8F7047C3F86F
:106ED00070022030F4E700BF00ED00E070B5054619
:106EE00016460C4601201021FFF7B0FE28604673BD
:106EF0003CB1204636B1FFF7A5FE2B68186000B103
:106F00009C6070BDFFF76AFEF7E70000F8B50F461A
:106F10001546044648B905F11F010126386821F0DD
:106F20001F01FFF7B7FF3046F8BD427B294638689E
:106F3000FFF7A6FE06460028EDD13B686360A36814
:106F4000AB4210D213B12068FFF784FE637B284662
:106F50002BB1FFF777FE206020B9A060E3E7FFF7D1
:106F60003DFEF8E7A560206805F11F01012621F02C
:106F70001F013860FFF78EFF2673D4E710B5044673
:106F800040B10068884205D1606808B1FAF730FF67
:106F90000023237310BD0000F8B50F4614460546C4
:106FA00048B904F11F010126386821F01F01FFF7DD
:106FB00083FF3046F8BD427B21463868FFF760FE0C
:106FC00006460028EDD1AB68A34210D213B1286861
:106FD000FFF740FE6B7B20462BB1FFF733FE2860A6
:106FE00020B9A860E5E7FFF7F9FDF8E7AC6039687C
:106FF00019B122462868FAF7FBFE286804F11F0140
:10700000012621F01F013860FFF756FF2E73D0E7ED
:1070100020B103688B4204BF002303737047000054
:10702000034B1A681AB9034AD2F8D0241A60704781
:10703000C85700200040025808B5FFF7F1FF024B87
:107040001868C0F3806008BDC8570020EFF30983BB
:10705000054968334A6B22F001024A6383F30988C9
:10706000002383F31188704700EF00E0302080F3A5
:10707000118862B60D4B0E4AD96821F4E06109040B
:10708000090C0A430B49DA60D3F8FC2042F0807205
:10709000C3F8FC20084AC2F8B01F116841F0010192
:1070A00011602022DA7783F82200704700ED00E0BB
:1070B0000003FA0555CEACC5001000E0302310B532
:1070C00083F311880E4B5B6813F4006314D0F1EE68
:1070D000103AEFF309844FF08073683CE361094B89
:1070E000DB6B236684F30988FEF7C8FE10B1064BFC
:1070F000A36110BD054BFBE783F31188F9E700BFDF
:1071000000ED00E000EF00E02F040008320400086A
:1071100070B5BFF34F8FBFF36F8F1A4A0021C2F8CB
:107120005012BFF34F8FBFF36F8F536943F4003397
:107130005361BFF34F8FBFF36F8FC2F88410BFF35B
:107140004F8FD2F8803043F6E074C3F3C900C3F325
:107150004E335B0103EA0406014646EA81750139B4
:10716000C2F86052F9D2203B13F1200FF2D1BFF3E5
:107170004F8F536943F480335361BFF34F8FBFF395
:107180006F8F70BD00ED00E0FEE70000214B22484C
:10719000224A70B5904237D3214BC11EDA1C121A15
:1071A00022F003028B4238BF00220021FAF746FE8C
:1071B0001C4A0023C2F88430BFF34F8FD2F88030CE
:1071C00043F6E074C3F3C900C3F34E335B0103EA33
:1071D0000406014646EA81750139C2F86C52F9D2BB
:1071E000203B13F1200FF2D1BFF34F8FBFF36F8F0E
:1071F000BFF34F8FBFF36F8F0023C2F85032BFF33E
:107200004F8FBFF36F8F70BD53F8041B40F8041B02
:10721000C0E700BFC4950008C4590020C45900202D
:10722000C459002000ED00E0074BD3F8D81021EA44
:107230000001C3F8D810D3F8002122EA0002C3F8F5
:107240000021D3F8003170470044025870B5D0E9EE
:10725000244300224FF0FF359E6804EB4213510196
:10726000D3F80009002805DAD3F8000940F080407F
:10727000C3F80009D3F8000B002805DAD3F8000B97
:1072800040F08040C3F8000B013263189642C3F807
:107290000859C3F8085BE0D24FF00113C4F81C385A
:1072A00070BD0000890141F02001016103699B0666
:1072B000FCD41220FEF72CBE10B50A4C2046FEF777
:1072C000C7FA094BC4F89030084BC4F89430084C06
:1072D0002046FEF7BDFA074BC4F89030064BC4F8C1
:1072E000943010BDCC570020000008400C950008D9
:1072F00068580020000004401895000870B5037815
:107300000546012B5CD1434BD0F89040984258D1B0
:10731000414B0E216520D3F8D82042F00062C3F81B
:10732000D820D3F8002142F00062C3F80021D3F83E
:107330000021D3F8802042F00062C3F88020D3F807
:10734000802022F00062C3F88020D3F88030FDF75F
:1073500089FE324BE360324BC4F800380023D5F885
:107360009060C4F8003EC02323604FF40413A3636D
:107370003369002BFCDA01230C203361FEF7C8FDD2
:107380003369DB07FCD41220FEF7C2FD3369002B02
:10739000FCDA00262846A660FFF758FF6B68C4F8A1
:1073A0001068DB68C4F81468C4F81C6883BB1D4B04
:1073B000A3614FF0FF336361A36843F00103A3604F
:1073C00070BD194B9842C9D1134B4FF08060D3F870
:1073D000D82042F00072C3F8D820D3F8002142F040
:1073E0000072C3F80021D3F80021D3F8802042F0C6
:1073F0000072C3F88020D3F8802022F00072C3F816
:107400008020D3F88030FFF70FFF0E214D209EE73C
:10741000064BCDE7CC5700200044025840140040F2
:1074200003002002003C30C068580020083C30C0F7
:10743000F8B5D0F89040054600214FF00066204690
:10744000FFF730FFD5F8941000234FF001128F683A
:107450004FF0FF30C4F83438C4F81C2804EB431252
:1074600001339F42C2F80069C2F8006BC2F80809F4
:10747000C2F8080BF2D20B68D5F89020C5F8983006
:10748000636210231361166916F01006FBD11220F7
:10749000FEF73EFDD4F8003823F4FE63C4F800384C
:1074A000A36943F4402343F01003A3610923C4F804
:1074B0001038C4F814380B4BEB604FF0C043C4F8DD
:1074C000103B094BC4F8003BC4F81069C4F80039FC
:1074D000D5F8983003F1100243F48013C5F89820D2
:1074E000A362F8BDE894000840800010D0F8902016
:1074F00090F88A10D2F8003823F4FE6343EA0113AF
:10750000C2F80038704700002DE9F84300EB810312
:10751000D0F890500C468046DA680FFA81F948019D
:10752000166806F00306731E022B05EB41134FF09D
:10753000000194BFB604384EC3F8101B4FF0010190
:1075400004F1100398BF06F1805601FA03F3916924
:1075500098BF06F5004600293AD0578A04F1580131
:10756000374349016F50D5F81C180B430021C5F86B
:107570001C382B180127C3F81019A7405369611E46
:107580009BB3138A928B9B08012A88BF5343D8F878
:107590009820981842EA034301F140022146C8F8B6
:1075A0009800284605EB82025360FFF77BFE08EB4C
:1075B0008900C3681B8A43EA845348341E4364012C
:1075C0002E51D5F81C381F43C5F81C78BDE8F88348
:1075D00005EB4917D7F8001B21F40041C7F8001B41
:1075E000D5F81C1821EA0303C0E704F13F030B4A56
:1075F0002846214605EB83035A60FFF753FE05EB4F
:107600004910D0F8003923F40043C0F80039D5F808
:107610001C3823EA0707D7E70080001000040002A7
:10762000D0F894201268C0F89820FFF70FBE000031
:107630005831D0F8903049015B5813F4004004D021
:1076400013F4001F0CBF0220012070474831D0F80E
:10765000903049015B5813F4004004D013F4001F2C
:107660000CBF02200120704700EB8101CB68196A32
:107670000B6813604B6853607047000000EB810398
:1076800030B5DD68AA691368D36019B9402B84BF8F
:10769000402313606B8A1468D0F890201C4402EBDE
:1076A0004110013C09B2B4FBF3F46343033323F00C
:1076B000030343EAC44343F0C043C0F8103B2B68C4
:1076C00003F00303012B0ED1D2F8083802EB41106E
:1076D00013F4807FD0F8003B14BF43F0805343F095
:1076E0000053C0F8003B02EB4112D2F8003B43F0DC
:1076F0000443C2F8003B30BD2DE9F041D0F8906062
:1077000005460C4606EB4113D3F8087B3A07C3F84D
:10771000087B08D5D6F814381B0704D500EB810385
:10772000DB685B689847FA071FD5D6F81438DB0783
:107730001BD505EB8403D968CCB98B69488A5A6894
:10774000B2FBF0F600FB16228AB91868DA6890429C
:107750000DD2121AC3E90024302383F31188214685
:107760002846FFF78BFF84F31188BDE8F0810123E1
:1077700003FA04F26B8923EA02036B81CB68002BC6
:10778000F3D021462846BDE8F041184700EB8103BD
:107790004A0170B5DD68D0F890306C692668E66003
:1077A00056BB1A444FF40020C2F810092A6802F0B0
:1077B0000302012A0AB20ED1D3F8080803EB4214DF
:1077C00010F4807FD4F8000914BF40F0805040F0DE
:1077D0000050C4F8000903EB4212D2F8000940F04F
:1077E0000440C2F800090122D3F8340802FA01F17A
:1077F0000143C3F8341870BD19B9402E84BF40202E
:10780000206020681A442E8A8419013CB4FBF6F4E7
:1078100040EAC44040F00050C6E700002DE9F843BC
:10782000D0F8906005460C464F0106EB4113D3F8A3
:10783000088918F0010FC3F808891CD0D6F8103851
:10784000DB0718D500EB8103D3F80CC0DCF814304B
:10785000D3F800E0DA68964530D2A2EB0E024FF082
:1078600000091A60C3F80490302383F31188FFF7EE
:107870008DFF89F3118818F0800F1DD0D6F83438A9
:107880000126A640334217D005EB84030134D5F816
:107890009050D3F80CC0E4B22F44DCF8142005EB70
:1078A0000434D2F800E05168714514D3D5F8343867
:1078B00023EA0606C5F83468BDE8F883012303FA15
:1078C00001F2038923EA02030381DCF80830002B6C
:1078D000D1D09847CFE7AEEB0103BCF8100083424C
:1078E00028BF0346D7F8180980B2B3EB800FE3D85E
:1078F0009068A0F1040959F8048FC4F80080A0EB47
:1079000009089844B8F1040FF5D818440B44906066
:107910005360C8E72DE9F84FD0F8905004466E69DF
:10792000AB691E4016F480586E6103D0BDE8F84F75
:10793000FDF7FEBF002E12DAD5F8003E9B0705D0FA
:10794000D5F8003E23F00303C5F8003ED5F804380F
:10795000204623F00103C5F80438FEF717F8370571
:1079600005D52046FFF772FC2046FDF7FDFFB00469
:107970000CD5D5F8083813F0060FEB6823F47053D4
:107980000CBF43F4105343F4A053EB6031071BD5F5
:107990006368DB681BB9AB6923F00803AB6123782C
:1079A000052B0CD1D5F8003E9A0705D0D5F8003E3E
:1079B00023F00303C5F8003E2046FDF7E7FF6368A8
:1079C000DB680BB120469847F30200F1BA80B7029A
:1079D00026D5D4F8909000274FF0010A09EB471202
:1079E000D2F8003B03F44023B3F5802F11D1D2F835
:1079F000003B002B0DDA62890AFA07F322EA03033F
:107A0000638104EB8703DB68DB6813B139462046EA
:107A100098470137D4F89430FFB29B689F42DDD974
:107A2000F00619D5D4F89000026AC2F30A1702F0E2
:107A30000F0302F4F012B2F5802F00F0CA80B2F505
:107A4000402F09D104EB8303002200F58050DB684E
:107A50001B6A974240F0B0803003D5F8185835D5EE
:107A6000E90303D500212046FFF746FEAA0303D50C
:107A700001212046FFF740FE6B0303D5022120467B
:107A8000FFF73AFE2F0303D503212046FFF734FE0C
:107A9000E80203D504212046FFF72EFEA90203D5F4
:107AA00005212046FFF728FE6A0203D5062120465D
:107AB000FFF722FE2B0203D507212046FFF71CFE0D
:107AC000EF0103D508212046FFF716FE700340F1B1
:107AD000A780E90703D500212046FFF79FFEAA07EC
:107AE00003D501212046FFF799FE6B0703D502213C
:107AF0002046FFF793FE2F0703D503212046FFF70B
:107B00008DFEEE0603D504212046FFF787FEA8066A
:107B100003D505212046FFF781FE690603D506211E
:107B20002046FFF77BFE2A0603D507212046FFF7F4
:107B300075FEEB0574D520460821BDE8F84FFFF728
:107B40006DBED4F890904FF0000B4FF0010AD4F8BE
:107B500094305FFA8BF79B689F423FF638AF09EB92
:107B60004713D3F8002902F44022B2F5802F20D128
:107B7000D3F80029002A1CDAD3F8002942F09042F9
:107B8000C3F80029D3F80029002AFBDB3946D4F8D2
:107B90009000FFF787FB22890AFA07F322EA030322
:107BA000238104EB8703DB689B6813B139462046C9
:107BB00098470BF1010BCAE7910701D1D0F800807B
:107BC000072A02F101029CBF03F8018B4FEA182833
:107BD0003FE704EB830300F58050DA68D2F818C061
:107BE000DCF80820DCE9001CA1EB0C0C00218F4222
:107BF00008D1DB689B699A683A449A605A683A44AB
:107C00005A6029E711F0030F01D1D0F800808C45AC
:107C100001F1010184BF02F8018B4FEA1828E6E761
:107C2000BDE8F88F08B50348FFF774FEBDE80840CB
:107C3000FFF744BACC57002008B50348FFF76AFEA7
:107C4000BDE80840FFF73ABA68580020D0F89030F5
:107C500003EB4111D1F8003B43F40013C1F8003BA2
:107C600070470000D0F8903003EB4111D1F8003993
:107C700043F40013C1F8003970470000D0F8903089
:107C800003EB4111D1F8003B23F40013C1F8003B92
:107C900070470000D0F8903003EB4111D1F8003963
:107CA00023F40013C1F8003970470000064BD3F8E5
:107CB000DC200243C3F8DC20D3F804211043C3F8CE
:107CC0000401D3F8043170470044025808B53C4B16
:107CD0004FF0FF31D3F8802062F00042C3F88020DB
:107CE000D3F8802002F00042C3F88020D3F880202F
:107CF000D3F88420C3F88410D3F884200022C3F87A
:107D00008420D3F88400D86F40F0FF4040F4FF0097
:107D100040F4DF4040F07F00D867D86F20F0FF408C
:107D200020F4FF0020F4DF4020F07F00D867D86FF8
:107D3000D3F888006FEA40506FEA5050C3F88800CB
:107D4000D3F88800C0F30A00C3F88800D3F888008D
:107D5000D3F89000C3F89010D3F89000C3F89020A7
:107D6000D3F89000D3F89400C3F89410D3F894009B
:107D7000C3F89420D3F89400D3F89800C3F898106F
:107D8000D3F89800C3F89820D3F89800D3F88C0063
:107D9000C3F88C10D3F88C00C3F88C20D3F88C0077
:107DA000D3F89C00C3F89C10D3F89C10C3F89C2017
:107DB000D3F89C30FCF780FDBDE8084000F0B8B96E
:107DC0000044025808B50122534BC3F80821534B15
:107DD000D3F8F42042F00202C3F8F420D3F81C21B7
:107DE00042F00202C3F81C210222D3F81C314C4B92
:107DF000DA605A689104FCD54A4A1A6001229A60F6
:107E0000494ADA6000221A614FF440429A61444BB9
:107E10009A699204FCD51A6842F480721A603F4B4A
:107E20001A6F12F4407F04D04FF480321A67002298
:107E30001A671A6842F001021A60384B1A68500734
:107E4000FCD500221A611A6912F03802FBD1012117
:107E500019604FF0804159605A67344ADA62344AF7
:107E60001A611A6842F480321A602C4B1A68910326
:107E7000FCD51A6842F480521A601A689204FCD544
:107E80002C4A2D499A6200225A63196301F57C013C
:107E9000DA6301F2E71199635A64284A1A64284A9E
:107EA000DA621A6842F0A8521A601C4B1A6802F093
:107EB0002852B2F1285FF9D148229A614FF48862C2
:107EC000DA6140221A621F4ADA641F4A1A651F4AA1
:107ED0005A651F4A9A6532231E4A1360136803F0DD
:107EE0000F03022BFAD10D4A136943F00303136108
:107EF000136903F03803182BFAD14FF00050FFF745
:107F0000D5FE4FF08040FFF7D1FE4FF00040BDE8B6
:107F10000840FFF7CBBE00BF00800051004402586C
:107F20000048025800C000F0020000010000FF01FC
:107F3000008890081210200063020901470E05080E
:107F4000DD0BBF0120000020000001100910E0003F
:107F500000010110002000524FF0B04208B5D2F8E5
:107F6000883003F00103C2F8883023B1044A136853
:107F70000BB150689847BDE80840FFF79FB800BFB5
:107F8000445900204FF0B04208B5D2F8883003F0D1
:107F90000203C2F8883023B1044A93680BB1D06859
:107FA0009847BDE80840FFF789B800BF4459002052
:107FB0004FF0B04208B5D2F8883003F00403C2F89D
:107FC000883023B1044A13690BB150699847BDE862
:107FD0000840FFF773B800BF445900204FF0B0428B
:107FE00008B5D2F8883003F00803C2F8883023B10E
:107FF000044A93690BB1D0699847BDE80840FFF780
:108000005DB800BF445900204FF0B04208B5D2F827
:10801000883003F01003C2F8883023B1044A136A91
:108020000BB1506A9847BDE80840FFF747B800BF5A
:10803000445900204FF0B04310B5D3F8884004F401
:108040007872C3F88820A30604D5124A936A0BB14C
:10805000D06A9847600604D50E4A136B0BB1506B7B
:108060009847210604D50B4A936B0BB1D06B984708
:10807000E20504D5074A136C0BB1506C9847A30571
:1080800004D5044A936C0BB1D06C9847BDE81040FE
:10809000FFF714B8445900204FF0B04310B5D3F89F
:1080A000884004F47C42C3F88820620504D5164A4F
:1080B000136D0BB1506D9847230504D5124A936D8B
:1080C0000BB1D06D9847E00404D50F4A136E0BB185
:1080D000506E9847A10404D50B4A936E0BB1D06E35
:1080E0009847620404D5084A136F0BB1506F984744
:1080F000230404D5044A936F0BB1D06F9847BDE8B1
:108100001040FEF7DBBF00BF4459002008B503480C
:10811000FCF79AFFBDE80840FEF7D0BFA03600206C
:1081200008B500F0AFFCBDE80840FEF7C7BF00008F
:10813000062108B50846FCF795FF06210720FCF745
:1081400091FF06210820FCF78DFF06210920FCF78E
:1081500089FF06210A20FCF785FF06211720FCF77E
:1081600081FF06212820FCF77DFF09217A20FCF7FA
:1081700079FF09213120FCF775FF07213220BDE886
:108180000840FCF76FBF000008B5FFF79FFD00F047
:1081900041FCFDF78BF9FDF759FBFDF72BFAFEF7D4
:1081A000EDF9BDE8084000F029BA000030B504330D
:1081B000039C0172002104FB0325C160C0E9065342
:1081C000049B0363059BC0E90000C0E90422C0E9E9
:1081D0000842C0E90A11436330BD00000022416A31
:1081E000C260C0E90411C0E90A226FF00101FDF785
:1081F0003BBF0000D0E90432934201D1C2680AB902
:10820000181D704700207047036919600021C2687B
:108210000132C260C269134482699342036124BF80
:10822000436A0361FDF714BF38B504460D46E368A1
:108230003BB162690020131D1268A3621344E3621C
:1082400007E0237A33B929462046FDF7F1FE0028DE
:10825000EDDA38BD6FF00100FBE70000C368C269CA
:10826000013BC3604369134482699342436124BF65
:10827000436A436100238362036B03B1184770476D
:1082800070B53023044683F31188866A3EB9FFF740
:10829000CBFF054618B186F31188284670BDA36A46
:1082A000E26A13F8015B9342A36202D32046FFF710
:1082B000D5FF002383F31188EFE700002DE9F84F85
:1082C00004460E46174698464FF0300989F3118848
:1082D0000025AA46D4F828B0BBF1000F09D14146C9
:1082E0002046FFF7A1FF20B18BF311882846BDE897
:1082F000F88FD4E90A12A7EB050B521A934528BF51
:108300009346BBF1400F1BD9334601F1400251F8AF
:10831000040B914243F8040BF9D1A36A403640356F
:108320004033A362D4E90A239A4202D32046FFF7DE
:1083300095FF8AF31188BD42D8D289F31188C9E725
:1083400030465A46F9F754FDA36A5E445D445B44E7
:10835000A362E7E710B5029C0433017203FB04211A
:10836000C460C0E906130023C0E90A33039B03631A
:10837000049BC0E90000C0E90422C0E9084243634D
:1083800010BD0000026A6FF00101C260426AC0E9DC
:1083900004220022C0E90A22FDF766BED0E90423C8
:1083A0009A4201D1C26822B9184650F8043B0B60CA
:1083B000704700231846FAE7C3680021C2690133F9
:1083C000C3604369134482699342436124BF436A93
:1083D0004361FDF73DBE000038B504460D46E36835
:1083E0003BB1236900201A1DA262E2691344E362D3
:1083F00007E0237A33B929462046FDF719FE002805
:10840000EDDA38BD6FF00100FBE700000369196089
:10841000C268013AC260C26913448269934203612F
:1084200024BF436A036100238362036B03B11847CF
:108430007047000070B530230D460446114683F3A3
:108440001188866A2EB9FFF7C7FF10B186F311882D
:1084500070BDA36A1D70A36AE26A01339342A362EE
:1084600004D3E16920460439FFF7D0FF002080F3F0
:108470001188EDE72DE9F84F04460D4690469946E0
:108480004FF0300A8AF311880026B346A76A4FB925
:1084900049462046FFF7A0FF20B187F311883046F8
:1084A000BDE8F88FD4E90A073A1AA8EB0607974205
:1084B00028BF1746402F1BD905F1400355F8042B60
:1084C0009D4240F8042BF9D1A36A40364033A362A1
:1084D000D4E90A239A4204D3E16920460439FFF71C
:1084E00095FF8BF311884645D9D28AF31188CDE7E1
:1084F00029463A46F9F77CFCA36A3D443E443B4496
:10850000A362E5E7D0E904239A4217D1C3689BB17F
:10851000836A8BB1043B9B1A0ED01360C368013B86
:10852000C360C3691A4483699A42026124BF436AE3
:108530000361002383620123184670470023FBE791
:1085400001F01F03F0B502F01F0456095A1C012365
:10855000B6EB511F50F8265003FA02F34FEA5117B9
:1085600003F1FF333DBF50F82720C4F12000134032
:1085700003EA05003BBF03FA00F225FA04F0E040ED
:108580001043F0BD70B57E227F210546FFF7D8FF6E
:1085900018B1012819D0002070BD3E22492128467B
:1085A000FFF7CEFF2F22044631212846FFF7C8FFF0
:1085B000064601345022023653212846B440FFF7C4
:1085C000BFFF093804FA00F0E6E7302245212846CB
:1085D000FFF7B6FF01308002DEE7000090F8D630EA
:1085E00090F8D7201B0403EB026390F8D42090F896
:1085F000D500134403EB00207047000000F018BAC8
:10860000014B586A704700BF000C0040034B00222A
:1086100058631A610222DA60704700BF000C004004
:10862000014B0022DA607047000C0040014B586398
:10863000704700BF000C0040024B034A1A60034A17
:108640005A6070471C590020C859002000000220C1
:10865000074B494210B55C68201A08401968821A15
:108660008A4203D3A24201D85A6010BD0020FCE721
:108670001C59002008B5302383F31188FFF7E8FF69
:10868000002383F3118808BD0448054B03600023D1
:10869000C0E901330C3000F017B900BF24590020A5
:1086A00075860008CB1D083A23F00703591A521AA1
:1086B00010B4D2080024C0E9004384600C301C6070
:1086C0005A605DF8044B00F0FFB800002DE9F74F49
:1086D000364FCD1D8846002818BF0746082A4FEAA6
:1086E000D50538BF082207F10C003C1D91460190CA
:1086F00000F02CF9019809F10701C9F1000E22469A
:10870000246864B900F02CF93B68CBB308224946D1
:10871000E8009847044698B340E9027830E004EB5B
:10872000010CD4F804A00CEA0E0C0AF10106ACF11D
:10873000080304EBC6069E42E1D9A6EB0C0CB5EB90
:10874000EC0F4FEAEC0BDAD89C421DD204F1080280
:10875000AB45A3EB02024FEAE202626009D9691C51
:10876000ED4303EBC1025D445560256843F8315089
:1087700022601C46C3F8048044F8087B00F0F0F83F
:10878000204603B0BDE8F08FAA45216802D11160F0
:108790002346EEE7013504EBC50344F8351003F139
:1087A0000801761AF6105E601360F1E72459002084
:1087B00073B50446A0F1080550F8080C54F8043CC1
:1087C000061D0C3007330190DB0844F8043C00F030
:1087D000BDF8334601989E421A6801D0AB4228D2B8
:1087E0000AB1954225D244F8082C54F8042C1D6097
:1087F000013254F8081C05EBC206B14206D14E689E
:10880000324444F8042C0A6844F8082C5E68711C51
:1088100003EBC1018D4207D154F8042C01323244DC
:108820005A6054F8082C1A6002B0BDE8704000F09D
:1088300097B81346CFE70000FEE7000070B51E4B67
:108840000025044686B058600E4605638163FEF736
:108850000DFC04F12803A5606563C4E90A3304F143
:108860001003C4E904334FF0FF33C4E90044C4E902
:108870000635FFF7C5FE2B46024604F13C012046B3
:10888000C4E9082380230D4A6567FDF74BFB736835
:10889000E0600B4A03620123009280F824306846AE
:1088A000F26801923269CDE90223064BCDE9043525
:1088B000FDF76CFB06B070BDA03B00202C950008B6
:1088C00024950008398800080023C0E9000083606F
:1088D0000361704770B51C4B05468468DE685CB365
:1088E000B44213D103690133036170BDA36094F8EE
:1088F000243083B1062B15D1A06A2146D4E9003279
:1089000013605A60FDF77AFAA36A9C68B368A2689C
:108910009A42EBD306E0D4E90032204613605A6055
:10892000FDF77CFA28463146FDF768FAB562062065
:10893000BDE87040FDF774BA0369866001330361D6
:10894000336BC3603063D0E7F838002008B53023BC
:1089500083F31188FFF7BEFF002383F3118808BD5E
:10896000194BD96883688B4210B520D1302383F32B
:1089700011880269013A0261B2B90468C368A04271
:108980000B631ED04A6B9BB901238A6003610368A5
:108990001A68026050601A6B8360C26018631846E0
:1089A000FDF73CFAFDF78CFA002383F3118810BD24
:1089B0001C68A34203D0A468A24238BF2246DB68E9
:1089C000E1E78260F0E700BFF8380020024A536B0D
:1089D00018435063704700BFF838002038B5EFF3F4
:1089E00011859DB9EFF30584C4F30804302334B135
:1089F00083F31188FDF770FC85F3118838BD83F38C
:108A00001188FDF769FC84F3118838BDBDE8384052
:108A1000FDF762BC0023054A19460133102BC2E959
:108A2000001102F10802F8D1704700BF445900203C
:108A3000114BD3F8E82042F00802C3F8E820D3F83D
:108A4000102142F00802C3F810210C4AD3F810316B
:108A5000D36B43F00803D363C722094B9A624FF0EC
:108A6000FF32DA6200229A615A63DA605A600122A8
:108A70005A611A60704700BF004402580010005C41
:108A8000000C0040094A08B51169D3680B40D9B2FF
:108A90009B076FEA0101116107D5302383F3118829
:108AA000FDF734FA002383F3118808BD000C004061
:108AB00010B501390244904201D1002005E003784D
:108AC00011F8014FA34201D0181B10BD0130F2E78D
:108AD000884210B501EB020402D98442234607D82C
:108AE000431EA14208D011F8012B03F8012FF8E72B
:108AF000024401468A4200D110BD13F8014D02F82C
:108B0000014DF7E7C9B2034610F8012B1AB18A42AA
:108B1000F9D118467047002918BF0023F9E7000073
:108B2000034611F8012B03F8012B002AF9D17047F5
:108B300010B50139034632B111F8014F03F8014B6A
:108B4000013A002CF7D11A440021934200D110BD04
:108B500003F8011BF9E700004D4435002D2D0A00F4
:108B60002F6172647570696C6F742E6162696E003A
:108B70002F6172647570696C6F742D7665726966A9
:108B8000792E6162696E002F6172647570696C6F15
:108B9000742D666C6173682E6162696E002F61725C
:108BA000647570696C6F742D666C61736865642E92
:108BB0006162696E0000000000000000000000001B
:108BC000050F0008A10F000851110008D90F000877
:108BD000990F00080000000000000000010F0008CD
:108BE000AD0F000889110008FD0E0008090F0008EC
:108BF00053544D333248373F3F3F0053544D333287
:108C0000483733782F3732780053544D3332483752
:108C100034332F3735332F373530000001105A00E9
:108C20000310590001205800032056002F000000B7
:108C30005375636365737366756C6C79206D6F75BE
:108C40006E746564205344436172642028736C6FB2
:108C500077646F776E3D2575290A0000EB769045A5
:108C600058464154202020004641543332202020D1
:108C7000000000002A3A3C3E7C223F7F002B2C3B28
:108C80003D5B5D00435545414141414345454549B3
:108C9000494941414592924F4F4F5555594F554F74
:108CA0009C4F9E9F41494F55A5A5A6A7A8A9AAAB31
:108CB000ACADAEAFB0B1B2B3B4414141B8B9BABBDB
:108CC000BCBDBEBFC0C1C2C3C4C54141C8C9CACB77
:108CD000CCCDCECFD1D145454549494949D9DADB3B
:108CE000DCDD49DF4FE14F4F4F4FE6E8E855555582
:108CF0005959EEEFF0F1F2F3F4F5F6F7F8F9FAFB63
:108D0000FCFDFEFF01030507090E10121416181CC6
:108D10001E00000061001A03E0001703F8000703BB
:108D2000FF00010078010001300132010601390124
:108D300010014A012E017901060180014D00430214
:108D400081018201820184018401860187018701FA
:108D500089018A018B018B018D018E018F019001A8
:108D60009101910193019401F601960197019801F7
:108D700098013D029B019C019D0120029F01A001E1
:108D8000A001A201A201A401A401A601A701A701BB
:108D9000A901AA01AB01AC01AC01AE01AF01AF0169
:108DA000B101B201B301B301B501B501B701B80119
:108DB000B801BA01BB01BC01BC01BE01F701C00191
:108DC000C101C201C301C401C501C401C701C80179
:108DD000C701CA01CB01CA01CD011001DD010100AB
:108DE0008E01DE011201F3010300F101F401F4012F
:108DF000F8012801220212013A020900652C3B0207
:108E00003B023D02662C3F02400241024102460203
:108E10000A015302400081018601550289018A013D
:108E200058028F015A0290015C025D025E025F02ED
:108E300093016102620294016402650266026702A4
:108E4000970196016A02622C6C026D026E029C010F
:108E5000700271029D01730274029F017602770213
:108E6000780279027A027B027C02642C7E027F0205
:108E7000A60181028202A90184028502860287027C
:108E8000AE014402B101B20145028D028E028F0291
:108E900090029102B7017B030300FD03FE03FF0371
:108EA000AC0304008603880389038A03B10311031A
:108EB000C2030200A303A303C4030803CC030300FB
:108EC0008C038E038F03D8031801F2030A00F90301
:108ED000F303F403F503F603F703F703F903FA03C7
:108EE000FA033004200350041007600422018A04AE
:108EF0003601C1040E01CF040100C004D0044401B6
:108F000061052604000000007D1D0100632C001E89
:108F10009601A01E5A01001F0806101F0606201FFA
:108F20000806301F0806401F0606511F0700591F7C
:108F3000521F5B1F541F5D1F561F5F1F601F0806D7
:108F4000701F0E00BA1FBB1FC81FC91FCA1FCB1F2F
:108F5000DA1FDB1FF81FF91FEA1FEB1FFA1FFB1FA9
:108F6000801F0806901F0806A01F0806B01F0400F7
:108F7000B81FB91FB21FBC1FCC1F0100C31FD01FD9
:108F80000206E01F0206E51F0100EC1FF31F0100AF
:108F9000FC1F4E21010032217021100284210100AA
:108FA0008321D0241A05302C2F04602C0201672C59
:108FB0000601752C0201802C6401002D260841FF5A
:108FC0001A030000C700FC00E900E200E400E00032
:108FD000E500E700EA00EB00E800EF00EE00EC003F
:108FE000C400C500C900E600C600F400F600F200A7
:108FF000FB00F900FF00D600DC00F800A300D80059
:10900000D7009201E100ED00F300FA00F100D10079
:10901000AA00BA00BF00AE00AC00BD00BC00A100B9
:10902000AB00BB0091259225932502252425C10084
:10903000C200C000A9006325512557255D25A20067
:10904000A5001025142534252C251C2500253C259C
:10905000E300C3005A25542569256625602550255F
:109060006C25A400F000D000CA00CB00C80031017C
:10907000CD00CE00CF0018250C2588258425A6001C
:10908000CC008025D300DF00D400D200F500D5004D
:10909000B500FE00DE00DA00DB00D900FD00DD00D7
:1090A000AF00B400AD00B1001720BE00B600A700AD
:1090B000F700B800B000A800B700B900B300B200D4
:1090C000A025A00010000240080002400008024055
:1090D00000000B0028000240080002400408024083
:1090E00006010C004000024008000240080802404F
:1090F00010020D0058000240080002400C08024017
:1091000016030E00700002400C00024010080240DE
:1091100000040F00880002400C00024014080240C6
:1091200006051000A00002400C0002401808024092
:1091300010061100B80002400C0002401C0802405A
:1091400016072F00100402400804024020080240C5
:1091500000083800280402400804024024080240A5
:109160000609390040040240080402402808024071
:10917000100A3A0058040240080402402C08024039
:10918000160B3B00700402400C0402403008024001
:10919000000C3C00880402400C04024034080240E9
:1091A000060D4400A00402400C04024038080240AE
:1091B000100E4500B80402400C0402403C08024076
:1091C000160F460001000000000000000000000033
:1091D0007565000879650008415100087954000858
:1091E000D5500008FD50000825510008BD5000086A
:1091F00000000000715500085D55000899550008F1
:1092000085550008915500087D55000869550008EE
:1092100055550008A5550008000000000100000099
:1092200000000000633000002492000800000000ED
:109230000000000070390020A03B00200000802AC0
:1092400000000000AAAAAAAA00000024FFFF000054
:109250000000000000A00A00100000000000000054
:10926000AAAAAAAA10000000FFFF00000000000048
:10927000000000000000AA5600000000AAAAAAAA46
:1092800000005554FFFF000000000000CCCC0C0093
:109290002000000000000000AAAAAAAA10000000F6
:1092A000FFFF0000000C00000000000010010000A3
:1092B00000000000AAAAAAAA10000000EFFF000008
:1092C000000000000000000000000000000000009E
:1092D000AAAAAAAA00000000FFFF000000000000E8
:1092E000000000000000000000000000AAAAAAAAD6
:1092F00000000000FFFF0000000000000000000070
:109300000000000000000000AAAAAAAA00000000B5
:10931000FFFF00000000000000000000000000004F
:1093200000000000AAAAAAAA00000000FFFF000097
:10933000000000000000000000000000000000002D
:10934000AAAAAAAA00000000FFFF00000000000077
:10935000000000000000000000000000AAAAAAAA65
:1093600000000000FFFF00000000000000000000FF
:109370004172647550696C6F740025424F415244CC
:10938000252D424C002553455249414C25000000F3
:10939000020000000000000091570008015800087A
:1093A00040004000505400206054002002000000A3
:1093B0000000000003000000000000004958000801
:1093C00000000000100000007054002000000000A9
:1093D0000100000000000000CC5700200101020045
:1093E00071660008816500081D66000801660008B6
:1093F00043000000F893000809024300020100C086
:1094000032090400000102020100052400100105D8
:10941000240100010424020205240600010705823C
:10942000030800FF09040100020A0000000705010B
:109430000240000007058102400000001200000009
:109440004494000812011001020000400912415723
:1094500000020102030100000403090425424F41F8
:1094600052442500526164696F6C696E6B483734F1
:109470003376320030313233343536373839414281
:1094800043444546000000000000002000000200A8
:10949000020000000000003000000400080000008E
:1094A0000000002400000800040000000004000088
:1094B00000FC0000020000000000043000800000FA
:1094C000080000000000003800000100010000005A
:1094D0001F1C1F1E1F1E1F1F1E1F1E1F1F1D1F1EA6
:1094E0001F1E1F1F1E1F1E1F00000000A559000881
:1094F0005D5C0008095D0008400040000459002040
:1095000004590020010000001459002080000000D0
:1095100040010000080000000001000000100000F1
:109520000800000069646C65000000006D61696EF0
:10953000002C0438040438080C10141C20242526A0
:1095400000000000000064040100040000000000AE
:10955000000C001028303400106FFF7F0100000065
:10956000150D00000000000000001A0000000000BF
:10957000FF00000000000000F08B000883040000E2
:10958000FB8B000850040000098C0008010000005B
:109590000000000000960000000008009600000097
:1095A00000080000040000005894000800000000BB
:1095B00000000000000000000000000000000000AB
:0495C00000000000A7
:00000001FF
